STRUCT,Info,3,,,,,
CPU name:,Intel(R) Core(TM) i7-8750H CPU @ 2.20GHz,,,,,,
CPU type:,Intel Coffeelake processor,,,,,,
CPU clock:,2.207107816 GHz,,,,,,
TABLE,Group 1 Raw,UOPS_RETIRE,7,,,,
Event,Counter,Core 0,Core 1,Core 2,Core 3,Core 4,Core 5
INSTR_RETIRED_ANY,FIXC0,3322937125,3305380275,3362627453,3383501053,3390519729,3329465476
CPU_CLK_UNHALTED_CORE,FIXC1,1088350612,1068824119,1089493109,1092452763,1094957762,1097624035
CPU_CLK_UNHALTED_REF,FIXC2,2007269800,1971218956,2009339984,2014799540,2019418676,2024336996
UOPS_RETIRED_USED_CYCLES,PMC0,975938954,967573844,985066032,990158069,992260460,978732975
UOPS_RETIRED_STALL_CYCLES,PMC1,112411658,101250275,104427077,102294694,102697302,118891060
CPU_CLOCK_UNHALTED_TOTAL_CYCLES,PMC2,1088350612,1068824119,1089493109,1092452763,1094957762,1097624035
UOPS_RETIRED_STALL_CYCLES,PMC3,108530957,99977628,103121421,101736256,101922375,110488018
TABLE,Group 1 Raw STAT,UOPS_RETIRE,7,,,,
Event,Counter,Sum,Min,Max,Avg,,
INSTR_RETIRED_ANY STAT,FIXC0,20094431111,3305380275,3390519729,3.349072e+09,,
CPU_CLK_UNHALTED_CORE STAT,FIXC1,6531702400,1068824119,1097624035,1.088617e+09,,
CPU_CLK_UNHALTED_REF STAT,FIXC2,12046383952,1971218956,2024336996,2.007731e+09,,
UOPS_RETIRED_USED_CYCLES STAT,PMC0,5889730334,967573844,992260460,9.816217e+08,,
UOPS_RETIRED_STALL_CYCLES STAT,PMC1,641972066,101250275,118891060,1.069953e+08,,
CPU_CLOCK_UNHALTED_TOTAL_CYCLES STAT,PMC2,6531702400,1068824119,1097624035,1.088617e+09,,
UOPS_RETIRED_STALL_CYCLES STAT,PMC3,625776655,99977628,110488018,1.042961e+08,,
TABLE,Group 1 Metric,UOPS_RETIRE,7,,,,
Metric,Core 0,Core 1,Core 2,Core 3,Core 4,Core 5,
Runtime (RDTSC) [s],0.9970,0.9970,0.9970,0.9970,0.9970,0.9970,
Runtime unhalted [s],0.4931,0.4843,0.4936,0.4950,0.4961,0.4973,
Clock [MHz],1196.7037,1196.7266,1196.7257,1196.7250,1196.7255,1196.7249,
CPI,0.3275,0.3234,0.3240,0.3229,0.3229,0.3297,
Used cycles ratio [%],89.6714,90.5269,90.4151,90.6362,90.6209,89.1683,
Unused cycles ratio [%],10.3286,9.4731,9.5849,9.3638,9.3791,10.8317,
Avg stall duration [cycles],1.0358,1.0127,1.0127,1.0055,1.0076,1.0761,
TABLE,Group 1 Metric STAT,UOPS_RETIRE,7,,,,
Metric,Sum,Min,Max,Avg,,,
Runtime (RDTSC) [s] STAT,5.9820,0.9970,0.9970,0.9970,,,
Runtime unhalted [s] STAT,2.9594,0.4843,0.4973,0.4932,,,
Clock [MHz] STAT,7180.3314,1196.7037,1196.7266,1196.7219,,,
CPI STAT,1.9504,0.3229,0.3297,0.3251,,,
Used cycles ratio [%] STAT,541.0388,89.1683,90.6362,90.1731,,,
Unused cycles ratio [%] STAT,58.9612,9.3638,10.8317,9.8269,,,
Avg stall duration [cycles] STAT,6.1504,1.0055,1.0761,1.0251,,,
STRUCT,Info,3,,,,,
CPU name:,Intel(R) Core(TM) i7-8750H CPU @ 2.20GHz,,,,,,
CPU type:,Intel Coffeelake processor,,,,,,
CPU clock:,2.207107816 GHz,,,,,,
TABLE,Group 2 Raw,L3,5,,,,
Event,Counter,Core 0,Core 1,Core 2,Core 3,Core 4,Core 5
INSTR_RETIRED_ANY,FIXC0,3311209429,3346192948,3353294246,3368295885,3373269293,3383950468
CPU_CLK_UNHALTED_CORE,FIXC1,1081741302,1081619581,1086723157,1087889568,1089599721,1091511768
CPU_CLK_UNHALTED_REF,FIXC2,1995040332,1994817232,2004585424,2006383380,2009536772,2013062304
L2_LINES_IN_ALL,PMC0,2855,5942,34232,734,838,1583
L2_TRANS_L2_WB,PMC1,218,453,3653,119,92,84
TABLE,Group 2 Raw STAT,L3,5,,,,
Event,Counter,Sum,Min,Max,Avg,,
INSTR_RETIRED_ANY STAT,FIXC0,20136212269,3311209429,3383950468,3.356035e+09,,
CPU_CLK_UNHALTED_CORE STAT,FIXC1,6519085097,1081619581,1091511768,1.086514e+09,,
CPU_CLK_UNHALTED_REF STAT,FIXC2,12023425444,1994817232,2013062304,2.003904e+09,,
L2_LINES_IN_ALL STAT,PMC0,46184,734,34232,7697.3333,,
L2_TRANS_L2_WB STAT,PMC1,4619,84,3653,769.8333,,
TABLE,Group 2 Metric,L3,10,,,,
Metric,Core 0,Core 1,Core 2,Core 3,Core 4,Core 5,
Runtime (RDTSC) [s],0.9955,0.9955,0.9955,0.9955,0.9955,0.9955,
Runtime unhalted [s],0.4901,0.4901,0.4924,0.4929,0.4937,0.4945,
Clock [MHz],1196.7275,1196.7267,1196.5143,1196.7252,1196.7256,1196.7261,
CPI,0.3267,0.3232,0.3241,0.3230,0.3230,0.3226,
L3 load bandwidth [MBytes/s],0.1835,0.3820,2.2007,0.0472,0.0539,0.1018,
L3 load data volume [GBytes],0.0002,0.0004,0.0022,4.697600e-05,0.0001,0.0001,
L3 evict bandwidth [MBytes/s],0.0140,0.0291,0.2348,0.0077,0.0059,0.0054,
L3 evict data volume [GBytes],1.395200e-05,2.899200e-05,0.0002,7.616000e-06,5.888000e-06,5.376000e-06,
L3 bandwidth [MBytes/s],0.1976,0.4111,2.4356,0.0548,0.0598,0.1072,
L3 data volume [GBytes],0.0002,0.0004,0.0024,0.0001,0.0001,0.0001,
TABLE,Group 2 Metric STAT,L3,10,,,,
Metric,Sum,Min,Max,Avg,,,
Runtime (RDTSC) [s] STAT,5.9730,0.9955,0.9955,0.9955,,,
Runtime unhalted [s] STAT,2.9537,0.4901,0.4945,0.4923,,,
Clock [MHz] STAT,7180.1454,1196.5143,1196.7275,1196.6909,,,
CPI STAT,1.9426,0.3226,0.3267,0.3238,,,
L3 load bandwidth [MBytes/s] STAT,2.9691,0.0472,2.2007,0.4949,,,
L3 load data volume [GBytes] STAT,0.0030,4.697600e-05,0.0022,0.0005,,,
L3 evict bandwidth [MBytes/s] STAT,0.2969,0.0054,0.2348,0.0495,,,
L3 evict data volume [GBytes] STAT,0.0003,5.376000e-06,0.0002,4.363733e-05,,,
L3 bandwidth [MBytes/s] STAT,3.2661,0.0548,2.4356,0.5444,,,
L3 data volume [GBytes] STAT,0.0033,0.0001,0.0024,0.0005,,,
STRUCT,Info,3,,,,,
CPU name:,Intel(R) Core(TM) i7-8750H CPU @ 2.20GHz,,,,,,
CPU type:,Intel Coffeelake processor,,,,,,
CPU clock:,2.207107816 GHz,,,,,,
TABLE,Group 3 Raw,DATA,5,,,,
Event,Counter,Core 0,Core 1,Core 2,Core 3,Core 4,Core 5
INSTR_RETIRED_ANY,FIXC0,3320751451,3346156031,3362912166,3375525323,3381722475,3321790021
CPU_CLK_UNHALTED_CORE,FIXC1,1083106324,1080198172,1087202938,1089146408,1090874921,1092741155
CPU_CLK_UNHALTED_REF,FIXC2,1997556808,1992195600,2005115068,2008701320,2011890132,2015330840
MEM_INST_RETIRED_ALL_LOADS,PMC0,1452828325,1463935797,1471273951,1476792293,1479503495,1453282902
MEM_INST_RETIRED_ALL_STORES,PMC1,111755992,112616278,113174939,113599425,113807978,111790980
TABLE,Group 3 Raw STAT,DATA,5,,,,
Event,Counter,Sum,Min,Max,Avg,,
INSTR_RETIRED_ANY STAT,FIXC0,20108857467,3320751451,3381722475,3.351476e+09,,
CPU_CLK_UNHALTED_CORE STAT,FIXC1,6523269918,1080198172,1092741155,1087211653,,
CPU_CLK_UNHALTED_REF STAT,FIXC2,12030789768,1992195600,2015330840,2005131628,,
MEM_INST_RETIRED_ALL_LOADS STAT,PMC0,8797616763,1452828325,1479503495,1.466269e+09,,
MEM_INST_RETIRED_ALL_STORES STAT,PMC1,676745592,111755992,113807978,112790932,,
TABLE,Group 3 Metric,DATA,5,,,,
Metric,Core 0,Core 1,Core 2,Core 3,Core 4,Core 5,
Runtime (RDTSC) [s],0.9964,0.9964,0.9964,0.9964,0.9964,0.9964,
Runtime unhalted [s],0.4907,0.4894,0.4926,0.4935,0.4943,0.4951,
Clock [MHz],1196.7281,1196.7268,1196.7264,1196.7252,1196.7247,1196.7254,
CPI,0.3262,0.3228,0.3233,0.3227,0.3226,0.3290,
Load to store ratio,13.0000,12.9993,13.0000,13.0000,13.0000,13.0000,
TABLE,Group 3 Metric STAT,DATA,5,,,,
Metric,Sum,Min,Max,Avg,,,
Runtime (RDTSC) [s] STAT,5.9784,0.9964,0.9964,0.9964,,,
Runtime unhalted [s] STAT,2.9556,0.4894,0.4951,0.4926,,,
Clock [MHz] STAT,7180.3566,1196.7247,1196.7281,1196.7261,,,
CPI STAT,1.9466,0.3226,0.3290,0.3244,,,
Load to store ratio STAT,77.9993,12.9993,13,12.9999,,,
STRUCT,Info,3,,,,,
CPU name:,Intel(R) Core(TM) i7-8750H CPU @ 2.20GHz,,,,,,
CPU type:,Intel Coffeelake processor,,,,,,
CPU clock:,2.207107816 GHz,,,,,,
TABLE,Group 4 Raw,FLOPS_AVX,5,,,,
Event,Counter,Core 0,Core 1,Core 2,Core 3,Core 4,Core 5
INSTR_RETIRED_ANY,FIXC0,3320355104,3328225221,3351504838,3374294006,3373078328,3330614717
CPU_CLK_UNHALTED_CORE,FIXC1,1082888978,1075105234,1086225386,1088449594,1090146499,1092041627
CPU_CLK_UNHALTED_REF,FIXC2,1997156332,1982803504,2003314260,2007415252,2010545276,2014039896
FP_ARITH_INST_RETIRED_256B_PACKED_SINGLE,PMC0,1277059583,1280067174,1289040181,1297805277,1297337710,1281005542
FP_ARITH_INST_RETIRED_256B_PACKED_DOUBLE,PMC1,0,0,0,0,0,0
TABLE,Group 4 Raw STAT,FLOPS_AVX,5,,,,
Event,Counter,Sum,Min,Max,Avg,,
INSTR_RETIRED_ANY STAT,FIXC0,20078072214,3320355104,3374294006,3346345369,,
CPU_CLK_UNHALTED_CORE STAT,FIXC1,6514857318,1075105234,1092041627,1085809553,,
CPU_CLK_UNHALTED_REF STAT,FIXC2,12015274520,1982803504,2014039896,2.002546e+09,,
FP_ARITH_INST_RETIRED_256B_PACKED_SINGLE STAT,PMC0,7722315467,1277059583,1297805277,1.287053e+09,,
FP_ARITH_INST_RETIRED_256B_PACKED_DOUBLE STAT,PMC1,0,0,0,0,,
TABLE,Group 4 Metric,FLOPS_AVX,6,,,,
Metric,Core 0,Core 1,Core 2,Core 3,Core 4,Core 5,
Runtime (RDTSC) [s],0.9963,0.9963,0.9963,0.9963,0.9963,0.9963,
Runtime unhalted [s],0.4906,0.4871,0.4921,0.4932,0.4939,0.4948,
Clock [MHz],1196.7279,1196.7263,1196.7251,1196.7258,1196.7255,1196.7259,
CPI,0.3261,0.3230,0.3241,0.3226,0.3232,0.3279,
Packed SP MFLOP/s,10254.8320,10278.9830,10351.0366,10421.4206,10417.6660,10286.5182,
Packed DP MFLOP/s,0,0,0,0,0,0,
TABLE,Group 4 Metric STAT,FLOPS_AVX,6,,,,
Metric,Sum,Min,Max,Avg,,,
Runtime (RDTSC) [s] STAT,5.9778,0.9963,0.9963,0.9963,,,
Runtime unhalted [s] STAT,2.9517,0.4871,0.4948,0.4920,,,
Clock [MHz] STAT,7180.3565,1196.7251,1196.7279,1196.7261,,,
CPI STAT,1.9469,0.3226,0.3279,0.3245,,,
Packed SP MFLOP/s STAT,62010.4564,10254.8320,10421.4206,10335.0761,,,
Packed DP MFLOP/s STAT,0,0,0,0,,,
STRUCT,Info,3,,,,,
CPU name:,Intel(R) Core(TM) i7-8750H CPU @ 2.20GHz,,,,,,
CPU type:,Intel Coffeelake processor,,,,,,
CPU clock:,2.207107816 GHz,,,,,,
TABLE,Group 5 Raw,L2CACHE,5,,,,
Event,Counter,Core 0,Core 1,Core 2,Core 3,Core 4,Core 5
INSTR_RETIRED_ANY,FIXC0,3322382542,3330407285,3321620695,3370828130,3369894465,3388399887
CPU_CLK_UNHALTED_CORE,FIXC1,1082989958,1075066693,1086374890,1088427333,1090129164,1092146911
CPU_CLK_UNHALTED_REF,FIXC2,1997343184,1982730456,2003589248,2007374496,2010512892,2014235212
L2_TRANS_ALL_REQUESTS,PMC0,199480,152096,252370,176894,188149,234498
L2_RQSTS_MISS,PMC1,3033,5414,3579,714,1073,892
TABLE,Group 5 Raw STAT,L2CACHE,5,,,,
Event,Counter,Sum,Min,Max,Avg,,
INSTR_RETIRED_ANY STAT,FIXC0,20103533004,3321620695,3388399887,3350588834,,
CPU_CLK_UNHALTED_CORE STAT,FIXC1,6515134949,1075066693,1092146911,1.085856e+09,,
CPU_CLK_UNHALTED_REF STAT,FIXC2,12015785488,1982730456,2014235212,2.002631e+09,,
L2_TRANS_ALL_REQUESTS STAT,PMC0,1203487,152096,252370,200581.1667,,
L2_RQSTS_MISS STAT,PMC1,14705,714,5414,2450.8333,,
TABLE,Group 5 Metric,L2CACHE,7,,,,
Metric,Core 0,Core 1,Core 2,Core 3,Core 4,Core 5,
Runtime (RDTSC) [s],0.9960,0.9960,0.9960,0.9960,0.9960,0.9960,
Runtime unhalted [s],0.4907,0.4871,0.4922,0.4931,0.4939,0.4948,
Clock [MHz],1196.7275,1196.7275,1196.7256,1196.7256,1196.7258,1196.7252,
CPI,0.3260,0.3228,0.3271,0.3229,0.3235,0.3223,
L2 request rate,0.0001,4.566889e-05,0.0001,0.0001,0.0001,0.0001,
L2 miss rate,9.128991e-07,1.625627e-06,1.077486e-06,2.118174e-07,3.184076e-07,2.632511e-07,
L2 miss ratio,0.0152,0.0356,0.0142,0.0040,0.0057,0.0038,
TABLE,Group 5 Metric STAT,L2CACHE,7,,,,
Metric,Sum,Min,Max,Avg,,,
Runtime (RDTSC) [s] STAT,5.9760,0.9960,0.9960,0.9960,,,
Runtime unhalted [s] STAT,2.9518,0.4871,0.4948,0.4920,,,
Clock [MHz] STAT,7180.3572,1196.7252,1196.7275,1196.7262,,,
CPI STAT,1.9446,0.3223,0.3271,0.3241,,,
L2 request rate STAT,0.0005,4.566889e-05,0.0001,0.0001,,,
L2 miss rate STAT,4.409488e-06,2.118174e-07,1.625627e-06,7.349147e-07,,,
L2 miss ratio STAT,0.0785,0.0038,0.0356,0.0131,,,
STRUCT,Info,3,,,,,
CPU name:,Intel(R) Core(TM) i7-8750H CPU @ 2.20GHz,,,,,,
CPU type:,Intel Coffeelake processor,,,,,,
CPU clock:,2.207107816 GHz,,,,,,
TABLE,Group 6 Raw,CYCLE_ACTIVITY,7,,,,
Event,Counter,Core 0,Core 1,Core 2,Core 3,Core 4,Core 5
INSTR_RETIRED_ANY,FIXC0,3327752024,3338155478,3344264413,3387977948,3399466960,3320800483
CPU_CLK_UNHALTED_CORE,FIXC1,1086195245,1078832775,1090809085,1093836396,1096357416,1099008552
CPU_CLK_UNHALTED_REF,FIXC2,2003255748,1989720616,2011768048,2017350148,2022000196,2026889444
CYCLE_ACTIVITY_CYCLES_L2_PENDING,PMC0,61705,36852,19793,9418,9598,23376
CYCLE_ACTIVITY_CYCLES_LDM_PENDING,PMC1,1085781644,1078494835,1090344251,1093653688,1096156194,1098486817
CYCLE_ACTIVITY_CYCLES_L1D_PENDING,PMC2,78456,50791,26907,15699,13865,32836
CYCLE_ACTIVITY_CYCLES_NO_EXECUTE,PMC3,16742879,16396103,17177520,15684536,15749304,20454748
TABLE,Group 6 Raw STAT,CYCLE_ACTIVITY,7,,,,
Event,Counter,Sum,Min,Max,Avg,,
INSTR_RETIRED_ANY STAT,FIXC0,20118417306,3320800483,3399466960,3353069551,,
CPU_CLK_UNHALTED_CORE STAT,FIXC1,6545039469,1078832775,1099008552,1.090840e+09,,
CPU_CLK_UNHALTED_REF STAT,FIXC2,12070984200,1989720616,2026889444,2011830700,,
CYCLE_ACTIVITY_CYCLES_L2_PENDING STAT,PMC0,160742,9418,61705,26790.3333,,
CYCLE_ACTIVITY_CYCLES_LDM_PENDING STAT,PMC1,6542917429,1078494835,1098486817,1.090486e+09,,
CYCLE_ACTIVITY_CYCLES_L1D_PENDING STAT,PMC2,218554,13865,78456,36425.6667,,
CYCLE_ACTIVITY_CYCLES_NO_EXECUTE STAT,PMC3,102205090,15684536,20454748,1.703418e+07,,
TABLE,Group 6 Metric,CYCLE_ACTIVITY,8,,,,
Metric,Core 0,Core 1,Core 2,Core 3,Core 4,Core 5,
Runtime (RDTSC) [s],0.9965,0.9965,0.9965,0.9965,0.9965,0.9965,
Runtime unhalted [s],0.4921,0.4888,0.4942,0.4956,0.4967,0.4979,
Clock [MHz],1196.7269,1196.7008,1196.7251,1196.7257,1196.7254,1196.7255,
CPI,0.3264,0.3232,0.3262,0.3229,0.3225,0.3309,
Cycles without execution [%],1.5414,1.5198,1.5748,1.4339,1.4365,1.8612,
Cycles without execution due to L1D [%],0.0072,0.0047,0.0025,0.0014,0.0013,0.0030,
Cycles without execution due to L2 [%],0.0057,0.0034,0.0018,0.0009,0.0009,0.0021,
Cycles without execution due to memory loads [%],99.9619,99.9687,99.9574,99.9833,99.9816,99.9525,
TABLE,Group 6 Metric STAT,CYCLE_ACTIVITY,8,,,,
Metric,Sum,Min,Max,Avg,,,
Runtime (RDTSC) [s] STAT,5.9790,0.9965,0.9965,0.9965,,,
Runtime unhalted [s] STAT,2.9653,0.4888,0.4979,0.4942,,,
Clock [MHz] STAT,7180.3294,1196.7008,1196.7269,1196.7216,,,
CPI STAT,1.9521,0.3225,0.3309,0.3253,,,
Cycles without execution [%] STAT,9.3676,1.4339,1.8612,1.5613,,,
Cycles without execution due to L1D [%] STAT,0.0201,0.0013,0.0072,0.0034,,,
Cycles without execution due to L2 [%] STAT,0.0148,0.0009,0.0057,0.0025,,,
Cycles without execution due to memory loads [%] STAT,599.8054,99.9525,99.9833,99.9676,,,
STRUCT,Info,3,,,,,
CPU name:,Intel(R) Core(TM) i7-8750H CPU @ 2.20GHz,,,,,,
CPU type:,Intel Coffeelake processor,,,,,,
CPU clock:,2.207107816 GHz,,,,,,
TABLE,Group 7 Raw,TLB_INSTR,5,,,,
Event,Counter,Core 0,Core 1,Core 2,Core 3,Core 4,Core 5
INSTR_RETIRED_ANY,FIXC0,3314486049,3327296592,3349398272,3368904149,3376656445,3350780735
CPU_CLK_UNHALTED_CORE,FIXC1,1081774087,1073836046,1085149249,1087261876,1088989728,1090919819
CPU_CLK_UNHALTED_REF,FIXC2,1995101328,1980527608,2001329912,2005225008,2008412164,2011973116
ITLB_MISSES_CAUSES_A_WALK,PMC0,62,181,69,25,48,27
ITLB_MISSES_WALK_ACTIVE,PMC1,589,7859,1335,251,611,933
TABLE,Group 7 Raw STAT,TLB_INSTR,5,,,,
Event,Counter,Sum,Min,Max,Avg,,
INSTR_RETIRED_ANY STAT,FIXC0,20087522242,3314486049,3376656445,3.347920e+09,,
CPU_CLK_UNHALTED_CORE STAT,FIXC1,6507930805,1073836046,1090919819,1.084655e+09,,
CPU_CLK_UNHALTED_REF STAT,FIXC2,12002569136,1980527608,2011973116,2.000428e+09,,
ITLB_MISSES_CAUSES_A_WALK STAT,PMC0,412,25,181,68.6667,,
ITLB_MISSES_WALK_ACTIVE STAT,PMC1,11578,251,7859,1929.6667,,
TABLE,Group 7 Metric,TLB_INSTR,7,,,,
Metric,Core 0,Core 1,Core 2,Core 3,Core 4,Core 5,
Runtime (RDTSC) [s],0.9951,0.9951,0.9951,0.9951,0.9951,0.9951,
Runtime unhalted [s],0.4901,0.4865,0.4917,0.4926,0.4934,0.4943,
Clock [MHz],1196.7272,1196.6871,1196.7249,1196.7256,1196.7253,1196.7246,
CPI,0.3264,0.3227,0.3240,0.3227,0.3225,0.3256,
L1 ITLB misses,62,181,69,25,48,27,
L1 ITLB miss rate,1.870577e-08,5.439852e-08,2.060072e-08,7.420811e-09,1.421525e-08,8.057824e-09,
L1 ITLB miss duration [Cyc],9.5000,43.4199,19.3478,10.0400,12.7292,34.5556,
TABLE,Group 7 Metric STAT,TLB_INSTR,7,,,,
Metric,Sum,Min,Max,Avg,,,
Runtime (RDTSC) [s] STAT,5.9706,0.9951,0.9951,0.9951,,,
Runtime unhalted [s] STAT,2.9486,0.4865,0.4943,0.4914,,,
Clock [MHz] STAT,7180.3147,1196.6871,1196.7272,1196.7191,,,
CPI STAT,1.9439,0.3225,0.3264,0.3240,,,
L1 ITLB misses STAT,412,25,181,68.6667,,,
L1 ITLB miss rate STAT,1.233989e-07,7.420811e-09,5.439852e-08,2.056648e-08,,,
L1 ITLB miss duration [Cyc] STAT,129.5925,9.5000,43.4199,21.5987,,,
STRUCT,Info,3,,,,,
CPU name:,Intel(R) Core(TM) i7-8750H CPU @ 2.20GHz,,,,,,
CPU type:,Intel Coffeelake processor,,,,,,
CPU clock:,2.207107816 GHz,,,,,,
TABLE,Group 8 Raw,MEM,5,,,,
Event,Counter,Core 0,Core 1,Core 2,Core 3,Core 4,Core 5
INSTR_RETIRED_ANY,FIXC0,3311454780,3293560146,3344713605,3358462105,3362971712,3367288981
CPU_CLK_UNHALTED_CORE,FIXC1,1079749372,1072075678,1082554487,1083738951,1084704360,1085829713
CPU_CLK_UNHALTED_REF,FIXC2,1991366036,1977287828,1996543980,1998728704,2000508628,2002585528
DRAM_READS,MBOX0C1,8456045,0,0,0,0,0
DRAM_WRITES,MBOX0C2,119271,0,0,0,0,0
TABLE,Group 8 Raw STAT,MEM,5,,,,
Event,Counter,Sum,Min,Max,Avg,,
INSTR_RETIRED_ANY STAT,FIXC0,20038451329,3293560146,3367288981,3.339742e+09,,
CPU_CLK_UNHALTED_CORE STAT,FIXC1,6488652561,1072075678,1085829713,1.081442e+09,,
CPU_CLK_UNHALTED_REF STAT,FIXC2,11967020704,1977287828,2002585528,1.994503e+09,,
DRAM_READS STAT,MBOX0C1,8456045,0,8456045,1.409341e+06,,
DRAM_WRITES STAT,MBOX0C2,119271,0,119271,19878.5000,,
TABLE,Group 8 Metric,MEM,10,,,,
Metric,Core 0,Core 1,Core 2,Core 3,Core 4,Core 5,
Runtime (RDTSC) [s],0.9965,0.9965,0.9965,0.9965,0.9965,0.9965,
Runtime unhalted [s],0.4892,0.4857,0.4905,0.4910,0.4915,0.4920,
Clock [MHz],1196.7279,1196.6829,1196.7252,1196.7251,1196.7254,1196.7245,
CPI,0.3261,0.3255,0.3237,0.3227,0.3225,0.3225,
Memory load bandwidth [MBytes/s],543.0856,0,0,0,0,0,
Memory load data volume [GBytes],0.5412,0,0,0,0,0,
Memory evict bandwidth [MBytes/s],7.6601,0,0,0,0,0,
Memory evict data volume [GBytes],0.0076,0,0,0,0,0,
Memory bandwidth [MBytes/s],550.7457,0,0,0,0,0,
Memory data volume [GBytes],0.5488,0,0,0,0,0,
TABLE,Group 8 Metric STAT,MEM,10,,,,
Metric,Sum,Min,Max,Avg,,,
Runtime (RDTSC) [s] STAT,5.9790,0.9965,0.9965,0.9965,,,
Runtime unhalted [s] STAT,2.9399,0.4857,0.4920,0.4900,,,
Clock [MHz] STAT,7180.3110,1196.6829,1196.7279,1196.7185,,,
CPI STAT,1.9430,0.3225,0.3261,0.3238,,,
Memory load bandwidth [MBytes/s] STAT,543.0856,0,543.0856,90.5143,,,
Memory load data volume [GBytes] STAT,0.5412,0,0.5412,0.0902,,,
Memory evict bandwidth [MBytes/s] STAT,7.6601,0,7.6601,1.2767,,,
Memory evict data volume [GBytes] STAT,0.0076,0,0.0076,0.0013,,,
Memory bandwidth [MBytes/s] STAT,550.7457,0,550.7457,91.7910,,,
Memory data volume [GBytes] STAT,0.5488,0,0.5488,0.0915,,,
STRUCT,Info,3,,,,,
CPU name:,Intel(R) Core(TM) i7-8750H CPU @ 2.20GHz,,,,,,
CPU type:,Intel Coffeelake processor,,,,,,
CPU clock:,2.207107816 GHz,,,,,,
TABLE,Group 9 Raw,MEM_DP,10,,,,
Event,Counter,Core 0,Core 1,Core 2,Core 3,Core 4,Core 5
INSTR_RETIRED_ANY,FIXC0,3328378786,3339610949,3326959512,3383996730,3392334236,3301457231
CPU_CLK_UNHALTED_CORE,FIXC1,1085729670,1079840143,1091588362,1094054558,1096130709,1098440763
CPU_CLK_UNHALTED_REF,FIXC2,2002396468,1991621336,2013204628,2017751268,2021581964,2025841564
PWR_PKG_ENERGY,PWR0,19.9844,0,0,0,0,0
PWR_DRAM_ENERGY,PWR3,0.6752,0,0,0,0,0
FP_ARITH_INST_RETIRED_128B_PACKED_DOUBLE,PMC0,0,0,0,0,0,0
FP_ARITH_INST_RETIRED_SCALAR_DOUBLE,PMC1,0,93,0,0,0,0
FP_ARITH_INST_RETIRED_256B_PACKED_DOUBLE,PMC2,0,0,0,0,0,0
DRAM_READS,MBOX0C1,9038862,0,0,0,0,0
DRAM_WRITES,MBOX0C2,276789,0,0,0,0,0
TABLE,Group 9 Raw STAT,MEM_DP,10,,,,
Event,Counter,Sum,Min,Max,Avg,,
INSTR_RETIRED_ANY STAT,FIXC0,20072737444,3301457231,3392334236,3.345456e+09,,
CPU_CLK_UNHALTED_CORE STAT,FIXC1,6545784205,1079840143,1098440763,1.090964e+09,,
CPU_CLK_UNHALTED_REF STAT,FIXC2,12072397228,1991621336,2025841564,2.012066e+09,,
PWR_PKG_ENERGY STAT,PWR0,19.9844,0,19.9844,3.3307,,
PWR_DRAM_ENERGY STAT,PWR3,0.6752,0,0.6752,0.1125,,
FP_ARITH_INST_RETIRED_128B_PACKED_DOUBLE STAT,PMC0,0,0,0,0,,
FP_ARITH_INST_RETIRED_SCALAR_DOUBLE STAT,PMC1,93,0,93,15.5000,,
FP_ARITH_INST_RETIRED_256B_PACKED_DOUBLE STAT,PMC2,0,0,0,0,,
DRAM_READS STAT,MBOX0C1,9038862,0,9038862,1506477,,
DRAM_WRITES STAT,MBOX0C2,276789,0,276789,46131.5000,,
TABLE,Group 9 Metric,MEM_DP,19,,,,
Metric,Core 0,Core 1,Core 2,Core 3,Core 4,Core 5,
Runtime (RDTSC) [s],0.9977,0.9977,0.9977,0.9977,0.9977,0.9977,
Runtime unhalted [s],0.4919,0.4893,0.4946,0.4957,0.4966,0.4977,
Clock [MHz],1196.7273,1196.6751,1196.7254,1196.7265,1196.7255,1196.7260,
CPI,0.3262,0.3233,0.3281,0.3233,0.3231,0.3327,
Energy [J],19.9844,0,0,0,0,0,
Power [W],20.0300,0,0,0,0,0,
Energy DRAM [J],0.6752,0,0,0,0,0,
Power DRAM [W],0.6768,0,0,0,0,0,
DP MFLOP/s,0,0.0001,0,0,0,0,
AVX DP MFLOP/s,0,0,0,0,0,0,
Packed MUOPS/s,0,0,0,0,0,0,
Scalar MUOPS/s,0,0.0001,0,0,0,0,
Memory load bandwidth [MBytes/s],579.8087,0,0,0,0,0,
Memory load data volume [GBytes],0.5785,0,0,0,0,0,
Memory evict bandwidth [MBytes/s],17.7550,0,0,0,0,0,
Memory evict data volume [GBytes],0.0177,0,0,0,0,0,
Memory bandwidth [MBytes/s],597.5636,0,0,0,0,0,
Memory data volume [GBytes],0.5962,0,0,0,0,0,
Operational intensity,0,1.559875e-07,0,0,0,0,
TABLE,Group 9 Metric STAT,MEM_DP,19,,,,
Metric,Sum,Min,Max,Avg,,,
Runtime (RDTSC) [s] STAT,5.9862,0.9977,0.9977,0.9977,,,
Runtime unhalted [s] STAT,2.9658,0.4893,0.4977,0.4943,,,
Clock [MHz] STAT,7180.3058,1196.6751,1196.7273,1196.7176,,,
CPI STAT,1.9567,0.3231,0.3327,0.3261,,,
Energy [J] STAT,19.9844,0,19.9844,3.3307,,,
Power [W] STAT,20.0300,0,20.0300,3.3383,,,
Energy DRAM [J] STAT,0.6752,0,0.6752,0.1125,,,
Power DRAM [W] STAT,0.6768,0,0.6768,0.1128,,,
DP MFLOP/s STAT,0.0001,0,0.0001,1.666667e-05,,,
AVX DP MFLOP/s STAT,0,0,0,0,,,
Packed MUOPS/s STAT,0,0,0,0,,,
Scalar MUOPS/s STAT,0.0001,0,0.0001,1.666667e-05,,,
Memory load bandwidth [MBytes/s] STAT,579.8087,0,579.8087,96.6348,,,
Memory load data volume [GBytes] STAT,0.5785,0,0.5785,0.0964,,,
Memory evict bandwidth [MBytes/s] STAT,17.7550,0,17.7550,2.9592,,,
Memory evict data volume [GBytes] STAT,0.0177,0,0.0177,0.0029,,,
Memory bandwidth [MBytes/s] STAT,597.5636,0,597.5636,99.5939,,,
Memory data volume [GBytes] STAT,0.5962,0,0.5962,0.0994,,,
Operational intensity STAT,1.559875e-07,0,1.559875e-07,2.599792e-08,,,
STRUCT,Info,3,,,,,
CPU name:,Intel(R) Core(TM) i7-8750H CPU @ 2.20GHz,,,,,,
CPU type:,Intel Coffeelake processor,,,,,,
CPU clock:,2.207107816 GHz,,,,,,
TABLE,Group 10 Raw,FLOPS_DP,6,,,,
Event,Counter,Core 0,Core 1,Core 2,Core 3,Core 4,Core 5
INSTR_RETIRED_ANY,FIXC0,3352687680,3358297776,3396362736,3379623872,3386838195,3374978308
CPU_CLK_UNHALTED_CORE,FIXC1,1154533532,1084703908,1101367322,1092786375,1092802647,1095300819
CPU_CLK_UNHALTED_REF,FIXC2,2129302096,2000531168,2031240492,2015413824,2015443724,2020050440
FP_ARITH_INST_RETIRED_128B_PACKED_DOUBLE,PMC0,0,0,0,972,0,0
FP_ARITH_INST_RETIRED_SCALAR_DOUBLE,PMC1,0,8,18,682,0,49
FP_ARITH_INST_RETIRED_256B_PACKED_DOUBLE,PMC2,0,0,0,1,0,0
TABLE,Group 10 Raw STAT,FLOPS_DP,6,,,,
Event,Counter,Sum,Min,Max,Avg,,
INSTR_RETIRED_ANY STAT,FIXC0,20248788567,3352687680,3396362736,3.374798e+09,,
CPU_CLK_UNHALTED_CORE STAT,FIXC1,6621494603,1084703908,1154533532,1.103582e+09,,
CPU_CLK_UNHALTED_REF STAT,FIXC2,12211981744,2000531168,2129302096,2.035330e+09,,
FP_ARITH_INST_RETIRED_128B_PACKED_DOUBLE STAT,PMC0,972,0,972,162,,
FP_ARITH_INST_RETIRED_SCALAR_DOUBLE STAT,PMC1,757,0,682,126.1667,,
FP_ARITH_INST_RETIRED_256B_PACKED_DOUBLE STAT,PMC2,1,0,1,0.1667,,
TABLE,Group 10 Metric,FLOPS_DP,9,,,,
Metric,Core 0,Core 1,Core 2,Core 3,Core 4,Core 5,
Runtime (RDTSC) [s],0.9953,0.9953,0.9953,0.9953,0.9953,0.9953,
Runtime unhalted [s],0.5231,0.4915,0.4990,0.4951,0.4951,0.4963,
Clock [MHz],1196.7207,1196.7114,1196.7251,1196.7256,1196.7257,1196.7261,
CPI,0.3444,0.3230,0.3243,0.3233,0.3227,0.3245,
DP MFLOP/s,0,8.037738e-06,1.808491e-05,0.0026,0,4.923115e-05,
AVX DP MFLOP/s,0,0,0,4.018869e-06,0,0,
Packed MUOPS/s,0,0,0,0.0010,0,0,
Scalar MUOPS/s,0,8.037738e-06,1.808491e-05,0.0007,0,4.923115e-05,
Vectorization ratio,-,0,0,58.7915,-,0,
TABLE,Group 10 Metric STAT,FLOPS_DP,9,,,,
Metric,Sum,Min,Max,Avg,,,
Runtime (RDTSC) [s] STAT,5.9718,0.9953,0.9953,0.9953,,,
Runtime unhalted [s] STAT,3.0001,0.4915,0.5231,0.5000,,,
Clock [MHz] STAT,7180.3346,1196.7114,1196.7261,1196.7224,,,
CPI STAT,1.9622,0.3227,0.3444,0.3270,,,
DP MFLOP/s STAT,0.0027,0,0.0026,0.0004,,,
AVX DP MFLOP/s STAT,4.018869e-06,0,4.018869e-06,6.698115e-07,,,
Packed MUOPS/s STAT,0.0010,0,0.0010,0.0002,,,
Scalar MUOPS/s STAT,0.0008,0,0.0007,0.0001,,,
Vectorization ratio STAT,58.7915,0,58.7915,9.7986,,,
STRUCT,Info,3,,,,,
CPU name:,Intel(R) Core(TM) i7-8750H CPU @ 2.20GHz,,,,,,
CPU type:,Intel Coffeelake processor,,,,,,
CPU clock:,2.207107816 GHz,,,,,,
TABLE,Group 11 Raw,UOPS,6,,,,
Event,Counter,Core 0,Core 1,Core 2,Core 3,Core 4,Core 5
INSTR_RETIRED_ANY,FIXC0,3348074628,3318618521,3372258363,3384973549,3388271873,3380366052
CPU_CLK_UNHALTED_CORE,FIXC1,1190710666,1184362434,1118806599,1094457874,1093397204,1095502496
CPU_CLK_UNHALTED_REF,FIXC2,2196012308,2184306320,2063403048,2018498032,2016539812,2020421752
UOPS_ISSUED_ANY,PMC0,3693975027,3658765310,3714167847,3727094863,3730651106,3721837289
UOPS_EXECUTED_THREAD,PMC1,3706145429,3671051775,3729403102,3743257127,3746874203,3738063871
UOPS_RETIRED_ALL,PMC2,3835722933,3802600526,3860091003,3872938559,3877024227,3868015785
TABLE,Group 11 Raw STAT,UOPS,6,,,,
Event,Counter,Sum,Min,Max,Avg,,
INSTR_RETIRED_ANY STAT,FIXC0,20192562986,3318618521,3388271873,3.365427e+09,,
CPU_CLK_UNHALTED_CORE STAT,FIXC1,6777237273,1093397204,1190710666,1.129540e+09,,
CPU_CLK_UNHALTED_REF STAT,FIXC2,12499181272,2016539812,2196012308,2.083197e+09,,
UOPS_ISSUED_ANY STAT,PMC0,22246491442,3658765310,3730651106,3.707749e+09,,
UOPS_EXECUTED_THREAD STAT,PMC1,22334795507,3671051775,3746874203,3.722466e+09,,
UOPS_RETIRED_ALL STAT,PMC2,23116393033,3802600526,3877024227,3.852732e+09,,
TABLE,Group 11 Metric,UOPS,7,,,,
Metric,Core 0,Core 1,Core 2,Core 3,Core 4,Core 5,
Runtime (RDTSC) [s],0.9960,0.9960,0.9960,0.9960,0.9960,0.9960,
Runtime unhalted [s],0.5395,0.5366,0.5069,0.4959,0.4954,0.4964,
Clock [MHz],1196.7268,1196.7257,1196.7254,1196.7247,1196.7259,1196.7264,
CPI,0.3556,0.3569,0.3318,0.3233,0.3227,0.3241,
Issued UOPs,3693975027,3658765310,3714167847,3727094863,3730651106,3721837289,
Executed UOPs,3706145429,3671051775,3729403102,3743257127,3746874203,3738063871,
Retired UOPs,3835722933,3802600526,3860091003,3872938559,3877024227,3868015785,
TABLE,Group 11 Metric STAT,UOPS,7,,,,
Metric,Sum,Min,Max,Avg,,,
Runtime (RDTSC) [s] STAT,5.9760,0.9960,0.9960,0.9960,,,
Runtime unhalted [s] STAT,3.0707,0.4954,0.5395,0.5118,,,
Clock [MHz] STAT,7180.3549,1196.7247,1196.7268,1196.7258,,,
CPI STAT,2.0144,0.3227,0.3569,0.3357,,,
Issued UOPs STAT,22246491442,3658765310,3730651106,3.707749e+09,,,
Executed UOPs STAT,22334795507,3671051775,3746874203,3.722466e+09,,,
Retired UOPs STAT,23116393033,3802600526,3877024227,3.852732e+09,,,
STRUCT,Info,3,,,,,
CPU name:,Intel(R) Core(TM) i7-8750H CPU @ 2.20GHz,,,,,,
CPU type:,Intel Coffeelake processor,,,,,,
CPU clock:,2.207107816 GHz,,,,,,
TABLE,Group 12 Raw,TLB_DATA,7,,,,
Event,Counter,Core 0,Core 1,Core 2,Core 3,Core 4,Core 5
INSTR_RETIRED_ANY,FIXC0,3359915607,3346064204,3372072100,3393685172,3397216974,3299810757
CPU_CLK_UNHALTED_CORE,FIXC1,1190927850,1199285786,1211902473,1164280148,1098000632,1098726365
CPU_CLK_UNHALTED_REF,FIXC2,2196411680,2211828120,2235098324,2147270064,2025030124,2026368080
DTLB_LOAD_MISSES_CAUSES_A_WALK,PMC0,50078,26,48,1590,4508,197
DTLB_STORE_MISSES_CAUSES_A_WALK,PMC1,2989,0,0,101,441,12
DTLB_LOAD_MISSES_WALK_ACTIVE,PMC2,598847,2821,5493,76260,189587,15189
DTLB_STORE_MISSES_WALK_ACTIVE,PMC3,82630,0,0,5524,18443,811
TABLE,Group 12 Raw STAT,TLB_DATA,7,,,,
Event,Counter,Sum,Min,Max,Avg,,
INSTR_RETIRED_ANY STAT,FIXC0,20168764814,3299810757,3397216974,3.361461e+09,,
CPU_CLK_UNHALTED_CORE STAT,FIXC1,6963123254,1098000632,1211902473,1.160521e+09,,
CPU_CLK_UNHALTED_REF STAT,FIXC2,12842006392,2025030124,2235098324,2.140334e+09,,
DTLB_LOAD_MISSES_CAUSES_A_WALK STAT,PMC0,56447,26,50078,9407.8333,,
DTLB_STORE_MISSES_CAUSES_A_WALK STAT,PMC1,3543,0,2989,590.5000,,
DTLB_LOAD_MISSES_WALK_ACTIVE STAT,PMC2,888197,2821,598847,148032.8333,,
DTLB_STORE_MISSES_WALK_ACTIVE STAT,PMC3,107408,0,82630,17901.3333,,
TABLE,Group 12 Metric,TLB_DATA,10,,,,
Metric,Core 0,Core 1,Core 2,Core 3,Core 4,Core 5,
Runtime (RDTSC) [s],0.9962,0.9962,0.9962,0.9962,0.9962,0.9962,
Runtime unhalted [s],0.5396,0.5434,0.5491,0.5275,0.4975,0.4978,
Clock [MHz],1196.7275,1196.7264,1196.7256,1196.7250,1196.7258,1196.7261,
CPI,0.3545,0.3584,0.3594,0.3431,0.3232,0.3330,
L1 DTLB load misses,50078,26,48,1590,4508,197,
L1 DTLB load miss rate,1.490454e-05,7.770323e-09,1.423457e-08,4.685172e-07,1.326969e-06,5.970039e-08,
L1 DTLB load miss duration [Cyc],11.9583,108.5000,114.4375,47.9623,42.0557,77.1015,
L1 DTLB store misses,2989,0,0,101,441,12,
L1 DTLB store miss rate,8.896057e-07,0,0,2.976116e-08,1.298121e-07,3.636572e-09,
L1 DTLB store miss duration [Cyc],27.6447,-,-,54.6931,41.8209,67.5833,
TABLE,Group 12 Metric STAT,TLB_DATA,10,,,,
Metric,Sum,Min,Max,Avg,,,
Runtime (RDTSC) [s] STAT,5.9772,0.9962,0.9962,0.9962,,,
Runtime unhalted [s] STAT,3.1549,0.4975,0.5491,0.5258,,,
Clock [MHz] STAT,7180.3564,1196.7250,1196.7275,1196.7261,,,
CPI STAT,2.0716,0.3232,0.3594,0.3453,,,
L1 DTLB load misses STAT,56447,26,50078,9407.8333,,,
L1 DTLB load miss rate STAT,1.678173e-05,7.770323e-09,1.490454e-05,2.796955e-06,,,
L1 DTLB load miss duration [Cyc] STAT,402.0153,11.9583,114.4375,67.0025,,,
L1 DTLB store misses STAT,3543,0,2989,590.5000,,,
L1 DTLB store miss rate STAT,1.052816e-06,0,8.896057e-07,1.754693e-07,,,
L1 DTLB store miss duration [Cyc] STAT,191.7420,27.6447,67.5833,31.9570,,,
STRUCT,Info,3,,,,,
CPU name:,Intel(R) Core(TM) i7-8750H CPU @ 2.20GHz,,,,,,
CPU type:,Intel Coffeelake processor,,,,,,
CPU clock:,2.207107816 GHz,,,,,,
TABLE,Group 13 Raw,CLOCK,6,,,,
Event,Counter,Core 0,Core 1,Core 2,Core 3,Core 4,Core 5
INSTR_RETIRED_ANY,FIXC0,3361585239,3360519956,3389251212,3399967535,3403957498,3401344540
CPU_CLK_UNHALTED_CORE,FIXC1,1186502841,1192788378,1203669995,1205023698,1193698809,1100176531
CPU_CLK_UNHALTED_REF,FIXC2,2188252568,2199844936,2219915932,2222413456,2201526604,2029044912
PWR_PKG_ENERGY,PWR0,20.1663,0,0,0,0,0
PWR_DRAM_ENERGY,PWR3,0.6603,0,0,0,0,0
UNCORE_CLOCK,UBOXFIX,0,0,0,0,0,0
TABLE,Group 13 Raw STAT,CLOCK,6,,,,
Event,Counter,Sum,Min,Max,Avg,,
INSTR_RETIRED_ANY STAT,FIXC0,20316625980,3360519956,3403957498,3386104330,,
CPU_CLK_UNHALTED_CORE STAT,FIXC1,7081860252,1100176531,1205023698,1180310042,,
CPU_CLK_UNHALTED_REF STAT,FIXC2,13060998408,2029044912,2222413456,2176833068,,
PWR_PKG_ENERGY STAT,PWR0,20.1663,0,20.1663,3.3611,,
PWR_DRAM_ENERGY STAT,PWR3,0.6603,0,0.6603,0.1100,,
UNCORE_CLOCK STAT,UBOXFIX,0,0,0,0,,
TABLE,Group 13 Metric,CLOCK,9,,,,
Metric,Core 0,Core 1,Core 2,Core 3,Core 4,Core 5,
Runtime (RDTSC) [s],0.9958,0.9958,0.9958,0.9958,0.9958,0.9958,
Runtime unhalted [s],0.5376,0.5404,0.5454,0.5460,0.5408,0.4985,
Clock [MHz],1196.7264,1196.7264,1196.7253,1196.7248,1196.7250,1196.7247,
Uncore Clock [MHz],0,0,0,0,0,0,
CPI,0.3530,0.3549,0.3551,0.3544,0.3507,0.3235,
Energy [J],20.1663,0,0,0,0,0,
Power [W],20.2511,0,0,0,0,0,
Energy DRAM [J],0.6603,0,0,0,0,0,
Power DRAM [W],0.6631,0,0,0,0,0,
TABLE,Group 13 Metric STAT,CLOCK,9,,,,
Metric,Sum,Min,Max,Avg,,,
Runtime (RDTSC) [s] STAT,5.9748,0.9958,0.9958,0.9958,,,
Runtime unhalted [s] STAT,3.2087,0.4985,0.5460,0.5348,,,
Clock [MHz] STAT,7180.3526,1196.7247,1196.7264,1196.7254,,,
Uncore Clock [MHz] STAT,0,0,0,0,,,
CPI STAT,2.0916,0.3235,0.3551,0.3486,,,
Energy [J] STAT,20.1663,0,20.1663,3.3611,,,
Power [W] STAT,20.2511,0,20.2511,3.3752,,,
Energy DRAM [J] STAT,0.6603,0,0.6603,0.1100,,,
Power DRAM [W] STAT,0.6631,0,0.6631,0.1105,,,
STRUCT,Info,3,,,,,
CPU name:,Intel(R) Core(TM) i7-8750H CPU @ 2.20GHz,,,,,,
CPU type:,Intel Coffeelake processor,,,,,,
CPU clock:,2.207107816 GHz,,,,,,
TABLE,Group 14 Raw,L2,6,,,,
Event,Counter,Core 0,Core 1,Core 2,Core 3,Core 4,Core 5
INSTR_RETIRED_ANY,FIXC0,3699186379,3712548565,3738582722,3761202304,3769611730,3776354694
CPU_CLK_UNHALTED_CORE,FIXC1,1206140865,1198635812,1210870463,1213703522,1216084511,1218761479
CPU_CLK_UNHALTED_REF,FIXC2,2224468644,2210628992,2233195212,2238420260,2242810684,2247749060
L1D_REPLACEMENT,PMC0,5302,3702,3956,1273,1438,2666
L1D_M_EVICT,PMC1,1205,924,1067,389,352,623
ICACHE_64B_IFTAG_MISS,PMC2,615,541,777,341,428,361
TABLE,Group 14 Raw STAT,L2,6,,,,
Event,Counter,Sum,Min,Max,Avg,,
INSTR_RETIRED_ANY STAT,FIXC0,22457486394,3699186379,3776354694,3742914399,,
CPU_CLK_UNHALTED_CORE STAT,FIXC1,7264196652,1198635812,1218761479,1210699442,,
CPU_CLK_UNHALTED_REF STAT,FIXC2,13397272852,2210628992,2247749060,2.232879e+09,,
L1D_REPLACEMENT STAT,PMC0,18337,1273,5302,3056.1667,,
L1D_M_EVICT STAT,PMC1,4560,352,1205,760,,
ICACHE_64B_IFTAG_MISS STAT,PMC2,3063,341,777,510.5000,,
TABLE,Group 14 Metric,L2,10,,,,
Metric,Core 0,Core 1,Core 2,Core 3,Core 4,Core 5,
Runtime (RDTSC) [s],0.9979,0.9979,0.9979,0.9979,0.9979,0.9979,
Runtime unhalted [s],0.5465,0.5431,0.5486,0.5499,0.5510,0.5522,
Clock [MHz],1196.7276,1196.7266,1196.7255,1196.7255,1196.7259,1196.7252,
CPI,0.3261,0.3229,0.3239,0.3227,0.3226,0.3227,
L2D load bandwidth [MBytes/s],0.3400,0.2374,0.2537,0.0816,0.0922,0.1710,
L2D load data volume [GBytes],0.0003,0.0002,0.0003,0.0001,0.0001,0.0002,
L2D evict bandwidth [MBytes/s],0.0773,0.0593,0.0684,0.0249,0.0226,0.0400,
L2D evict data volume [GBytes],0.0001,0.0001,0.0001,2.489600e-05,2.252800e-05,3.987200e-05,
L2 bandwidth [MBytes/s],0.4567,0.3314,0.3720,0.1285,0.1422,0.2341,
L2 data volume [GBytes],0.0005,0.0003,0.0004,0.0001,0.0001,0.0002,
TABLE,Group 14 Metric STAT,L2,10,,,,
Metric,Sum,Min,Max,Avg,,,
Runtime (RDTSC) [s] STAT,5.9874,0.9979,0.9979,0.9979,,,
Runtime unhalted [s] STAT,3.2913,0.5431,0.5522,0.5485,,,
Clock [MHz] STAT,7180.3563,1196.7252,1196.7276,1196.7260,,,
CPI STAT,1.9409,0.3226,0.3261,0.3235,,,
L2D load bandwidth [MBytes/s] STAT,1.1759,0.0816,0.3400,0.1960,,,
L2D load data volume [GBytes] STAT,0.0012,0.0001,0.0003,0.0002,,,
L2D evict bandwidth [MBytes/s] STAT,0.2925,0.0226,0.0773,0.0487,,,
L2D evict data volume [GBytes] STAT,0.0004,2.252800e-05,0.0001,0.0001,,,
L2 bandwidth [MBytes/s] STAT,1.6649,0.1285,0.4567,0.2775,,,
L2 data volume [GBytes] STAT,0.0016,0.0001,0.0005,0.0003,,,
STRUCT,Info,3,,,,,
CPU name:,Intel(R) Core(TM) i7-8750H CPU @ 2.20GHz,,,,,,
CPU type:,Intel Coffeelake processor,,,,,,
CPU clock:,2.207107816 GHz,,,,,,
TABLE,Group 15 Raw,MEM_SP,10,,,,
Event,Counter,Core 0,Core 1,Core 2,Core 3,Core 4,Core 5
INSTR_RETIRED_ANY,FIXC0,3696062982,3715291601,3744994479,3634198404,3564247466,3716621077
CPU_CLK_UNHALTED_CORE,FIXC1,1204621477,1198809546,1211141116,1213846766,1216202561,1218868469
CPU_CLK_UNHALTED_REF,FIXC2,2221667152,2210950164,2233694680,2238684392,2243029184,2247946032
PWR_PKG_ENERGY,PWR0,20.7454,0,0,0,0,0
PWR_DRAM_ENERGY,PWR3,0.6639,0,0,0,0,0
FP_ARITH_INST_RETIRED_128B_PACKED_SINGLE,PMC0,0,0,0,0,0,0
FP_ARITH_INST_RETIRED_SCALAR_SINGLE,PMC1,0,0,0,0,0,0
FP_ARITH_INST_RETIRED_256B_PACKED_SINGLE,PMC2,1421562651,1428958161,1440382371,1396548198,1368890123,1429469531
DRAM_READS,MBOX0C1,8207388,0,0,0,0,0
DRAM_WRITES,MBOX0C2,40131,0,0,0,0,0
TABLE,Group 15 Raw STAT,MEM_SP,10,,,,
Event,Counter,Sum,Min,Max,Avg,,
INSTR_RETIRED_ANY STAT,FIXC0,22071416009,3564247466,3744994479,3.678569e+09,,
CPU_CLK_UNHALTED_CORE STAT,FIXC1,7263489935,1198809546,1218868469,1.210582e+09,,
CPU_CLK_UNHALTED_REF STAT,FIXC2,13395971604,2210950164,2247946032,2232661934,,
PWR_PKG_ENERGY STAT,PWR0,20.7454,0,20.7454,3.4576,,
PWR_DRAM_ENERGY STAT,PWR3,0.6639,0,0.6639,0.1107,,
FP_ARITH_INST_RETIRED_128B_PACKED_SINGLE STAT,PMC0,0,0,0,0,,
FP_ARITH_INST_RETIRED_SCALAR_SINGLE STAT,PMC1,0,0,0,0,,
FP_ARITH_INST_RETIRED_256B_PACKED_SINGLE STAT,PMC2,8485811035,1368890123,1440382371,1.414302e+09,,
DRAM_READS STAT,MBOX0C1,8207388,0,8207388,1367898,,
DRAM_WRITES STAT,MBOX0C2,40131,0,40131,6688.5000,,
TABLE,Group 15 Metric,MEM_SP,19,,,,
Metric,Core 0,Core 1,Core 2,Core 3,Core 4,Core 5,
Runtime (RDTSC) [s],0.9964,0.9964,0.9964,0.9964,0.9964,0.9964,
Runtime unhalted [s],0.5458,0.5432,0.5487,0.5500,0.5510,0.5522,
Clock [MHz],1196.7272,1196.7262,1196.7253,1196.7255,1196.7255,1196.7254,
CPI,0.3259,0.3227,0.3234,0.3340,0.3412,0.3280,
Energy [J],20.7454,0,0,0,0,0,
Power [W],20.8203,0,0,0,0,0,
Energy DRAM [J],0.6639,0,0,0,0,0,
Power DRAM [W],0.6663,0,0,0,0,0,
SP MFLOP/s,11413.5704,11472.9481,11564.6719,11212.7321,10990.6684,11477.0539,
AVX SP MFLOP/s,11413.5704,11472.9481,11564.6719,11212.7321,10990.6684,11477.0539,
Packed MUOPS/s,1426.6963,1434.1185,1445.5840,1401.5915,1373.8336,1434.6317,
Scalar MUOPS/s,0,0,0,0,0,0,
Memory load bandwidth [MBytes/s],527.1697,0,0,0,0,0,
Memory load data volume [GBytes],0.5253,0,0,0,0,0,
Memory evict bandwidth [MBytes/s],2.5777,0,0,0,0,0,
Memory evict data volume [GBytes],0.0026,0,0,0,0,0,
Memory bandwidth [MBytes/s],529.7474,0,0,0,0,0,
Memory data volume [GBytes],0.5278,0,0,0,0,0,
Operational intensity,21.5453,21.6574,21.8305,21.1662,20.7470,21.6651,
TABLE,Group 15 Metric STAT,MEM_SP,19,,,,
Metric,Sum,Min,Max,Avg,,,
Runtime (RDTSC) [s] STAT,5.9784,0.9964,0.9964,0.9964,,,
Runtime unhalted [s] STAT,3.2909,0.5432,0.5522,0.5485,,,
Clock [MHz] STAT,7180.3551,1196.7253,1196.7272,1196.7259,,,
CPI STAT,1.9752,0.3227,0.3412,0.3292,,,
Energy [J] STAT,20.7454,0,20.7454,3.4576,,,
Power [W] STAT,20.8203,0,20.8203,3.4701,,,
Energy DRAM [J] STAT,0.6639,0,0.6639,0.1107,,,
Power DRAM [W] STAT,0.6663,0,0.6663,0.1110,,,
SP MFLOP/s STAT,68131.6448,10990.6684,11564.6719,11355.2741,,,
AVX SP MFLOP/s STAT,68131.6448,10990.6684,11564.6719,11355.2741,,,
Packed MUOPS/s STAT,8516.4556,1373.8336,1445.5840,1419.4093,,,
Scalar MUOPS/s STAT,0,0,0,0,,,
Memory load bandwidth [MBytes/s] STAT,527.1697,0,527.1697,87.8616,,,
Memory load data volume [GBytes] STAT,0.5253,0,0.5253,0.0876,,,
Memory evict bandwidth [MBytes/s] STAT,2.5777,0,2.5777,0.4296,,,
Memory evict data volume [GBytes] STAT,0.0026,0,0.0026,0.0004,,,
Memory bandwidth [MBytes/s] STAT,529.7474,0,529.7474,88.2912,,,
Memory data volume [GBytes] STAT,0.5278,0,0.5278,0.0880,,,
Operational intensity STAT,128.6115,20.7470,21.8305,21.4352,,,
STRUCT,Info,3,,,,,
CPU name:,Intel(R) Core(TM) i7-8750H CPU @ 2.20GHz,,,,,,
CPU type:,Intel Coffeelake processor,,,,,,
CPU clock:,2.207107816 GHz,,,,,,
TABLE,Group 16 Raw,ENERGY,8,,,,
Event,Counter,Core 0,Core 1,Core 2,Core 3,Core 4,Core 5
INSTR_RETIRED_ANY,FIXC0,3674370371,3725265277,3540474414,3373286264,3382593262,3689231752
CPU_CLK_UNHALTED_CORE,FIXC1,1199427178,1202837500,1205525652,1207667698,1209419540,1211245054
CPU_CLK_UNHALTED_REF,FIXC2,2212087100,2218378520,2223338976,2227288536,2230519852,2233886224
TEMP_CORE,TMP0,208,207,206,206,204,206
PWR_PKG_ENERGY,PWR0,20.5184,0,0,0,0,0
PWR_PP0_ENERGY,PWR1,8.9330,0,0,0,0,0
PWR_PP1_ENERGY,PWR2,0,0,0,0,0,0
PWR_DRAM_ENERGY,PWR3,0.6688,0,0,0,0,0
TABLE,Group 16 Raw STAT,ENERGY,8,,,,
Event,Counter,Sum,Min,Max,Avg,,
INSTR_RETIRED_ANY STAT,FIXC0,21385221340,3373286264,3725265277,3.564204e+09,,
CPU_CLK_UNHALTED_CORE STAT,FIXC1,7236122622,1199427178,1211245054,1206020437,,
CPU_CLK_UNHALTED_REF STAT,FIXC2,13345499208,2212087100,2233886224,2224249868,,
TEMP_CORE STAT,TMP0,1237,204,208,206.1667,,
PWR_PKG_ENERGY STAT,PWR0,20.5184,0,20.5184,3.4197,,
PWR_PP0_ENERGY STAT,PWR1,8.9330,0,8.9330,1.4888,,
PWR_PP1_ENERGY STAT,PWR2,0,0,0,0,,
PWR_DRAM_ENERGY STAT,PWR3,0.6688,0,0.6688,0.1115,,
TABLE,Group 16 Metric,ENERGY,13,,,,
Metric,Core 0,Core 1,Core 2,Core 3,Core 4,Core 5,
Runtime (RDTSC) [s],0.9962,0.9962,0.9962,0.9962,0.9962,0.9962,
Runtime unhalted [s],0.5434,0.5450,0.5462,0.5472,0.5480,0.5488,
Clock [MHz],1196.7273,1196.7264,1196.7249,1196.7254,1196.7252,1196.7254,
CPI,0.3264,0.3229,0.3405,0.3580,0.3575,0.3283,
Temperature [C],208,207,206,206,204,206,
Energy [J],20.5184,0,0,0,0,0,
Power [W],20.5967,0,0,0,0,0,
Energy PP0 [J],8.9330,0,0,0,0,0,
Power PP0 [W],8.9671,0,0,0,0,0,
Energy PP1 [J],0,0,0,0,0,0,
Power PP1 [W],0,0,0,0,0,0,
Energy DRAM [J],0.6688,0,0,0,0,0,
Power DRAM [W],0.6713,0,0,0,0,0,
TABLE,Group 16 Metric STAT,ENERGY,13,,,,
Metric,Sum,Min,Max,Avg,,,
Runtime (RDTSC) [s] STAT,5.9772,0.9962,0.9962,0.9962,,,
Runtime unhalted [s] STAT,3.2786,0.5434,0.5488,0.5464,,,
Clock [MHz] STAT,7180.3546,1196.7249,1196.7273,1196.7258,,,
CPI STAT,2.0336,0.3229,0.3580,0.3389,,,
Temperature [C] STAT,1237,204,208,206.1667,,,
Energy [J] STAT,20.5184,0,20.5184,3.4197,,,
Power [W] STAT,20.5967,0,20.5967,3.4328,,,
Energy PP0 [J] STAT,8.9330,0,8.9330,1.4888,,,
Power PP0 [W] STAT,8.9671,0,8.9671,1.4945,,,
Energy PP1 [J] STAT,0,0,0,0,,,
Power PP1 [W] STAT,0,0,0,0,,,
Energy DRAM [J] STAT,0.6688,0,0.6688,0.1115,,,
Power DRAM [W] STAT,0.6713,0,0.6713,0.1119,,,
STRUCT,Info,3,,,,,
CPU name:,Intel(R) Core(TM) i7-8750H CPU @ 2.20GHz,,,,,,
CPU type:,Intel Coffeelake processor,,,,,,
CPU clock:,2.207107816 GHz,,,,,,
TABLE,Group 17 Raw,ICACHE,6,,,,
Event,Counter,Core 0,Core 1,Core 2,Core 3,Core 4,Core 5
INSTR_RETIRED_ANY,FIXC0,3696354895,3629735877,3380717146,3392349521,3398751436,3775964655
CPU_CLK_UNHALTED_CORE,FIXC1,1205266861,1197974436,1210319124,1212991183,1215309011,1218037510
CPU_CLK_UNHALTED_REF,FIXC2,2222858000,2209410268,2232180084,2237106960,2241379992,2246413864
ICACHE_64B_IFTAG_ALL,PMC0,746427835,732726509,681602408,683945682,685240130,762495411
ICACHE_64B_IFTAG_MISS,PMC1,584,477,398,332,365,323
ICACHE_64B_IFTAG_STALL,PMC2,16097,12440,7255,4828,6619,5535
TABLE,Group 17 Raw STAT,ICACHE,6,,,,
Event,Counter,Sum,Min,Max,Avg,,
INSTR_RETIRED_ANY STAT,FIXC0,21273873530,3380717146,3775964655,3.545646e+09,,
CPU_CLK_UNHALTED_CORE STAT,FIXC1,7259898125,1197974436,1218037510,1.209983e+09,,
CPU_CLK_UNHALTED_REF STAT,FIXC2,13389349168,2209410268,2246413864,2.231558e+09,,
ICACHE_64B_IFTAG_ALL STAT,PMC0,4292437975,681602408,762495411,7.154063e+08,,
ICACHE_64B_IFTAG_MISS STAT,PMC1,2479,323,584,413.1667,,
ICACHE_64B_IFTAG_STALL STAT,PMC2,52774,4828,16097,8795.6667,,
TABLE,Group 17 Metric,ICACHE,9,,,,
Metric,Core 0,Core 1,Core 2,Core 3,Core 4,Core 5,
Runtime (RDTSC) [s],0.9972,0.9972,0.9972,0.9972,0.9972,0.9972,
Runtime unhalted [s],0.5461,0.5428,0.5484,0.5496,0.5506,0.5519,
Clock [MHz],1196.7269,1196.7260,1196.7246,1196.7252,1196.7261,1196.7252,
CPI,0.3261,0.3300,0.3580,0.3576,0.3576,0.3226,
L1I request rate,0.2019,0.2019,0.2016,0.2016,0.2016,0.2019,
L1I miss rate,1.579935e-07,1.314145e-07,1.177265e-07,9.786727e-08,1.073924e-07,8.554105e-08,
L1I miss ratio,7.823931e-07,6.509932e-07,5.839181e-07,4.854187e-07,5.326600e-07,4.236091e-07,
L1I stalls,16097,12440,7255,4828,6619,5535,
L1I stall rate,4.354831e-06,3.427247e-06,2.145994e-06,1.423202e-06,1.947480e-06,1.465851e-06,
TABLE,Group 17 Metric STAT,ICACHE,9,,,,
Metric,Sum,Min,Max,Avg,,,
Runtime (RDTSC) [s] STAT,5.9832,0.9972,0.9972,0.9972,,,
Runtime unhalted [s] STAT,3.2894,0.5428,0.5519,0.5482,,,
Clock [MHz] STAT,7180.3540,1196.7246,1196.7269,1196.7257,,,
CPI STAT,2.0519,0.3226,0.3580,0.3420,,,
L1I request rate STAT,1.2105,0.2016,0.2019,0.2017,,,
L1I miss rate STAT,6.979352e-07,8.554105e-08,1.579935e-07,1.163225e-07,,,
L1I miss ratio STAT,3.458992e-06,4.236091e-07,7.823931e-07,5.764987e-07,,,
L1I stalls STAT,52774,4828,16097,8795.6667,,,
L1I stall rate STAT,1.476460e-05,1.423202e-06,4.354831e-06,2.460768e-06,,,
STRUCT,Info,3,,,,,
CPU name:,Intel(R) Core(TM) i7-8750H CPU @ 2.20GHz,,,,,,
CPU type:,Intel Coffeelake processor,,,,,,
CPU clock:,2.207107816 GHz,,,,,,
TABLE,Group 18 Raw,BRANCH,5,,,,
Event,Counter,Core 0,Core 1,Core 2,Core 3,Core 4,Core 5
INSTR_RETIRED_ANY,FIXC0,3689207834,3337311351,3364450892,3380085987,3386651746,3468750308
CPU_CLK_UNHALTED_CORE,FIXC1,1202596871,1194547261,1206566535,1208768328,1210654953,1212735507
CPU_CLK_UNHALTED_REF,FIXC2,2217933148,2203089684,2225258464,2229318240,2232797680,2236634540
BR_INST_RETIRED_ALL_BRANCHES,PMC0,407941548,368784157,371784599,373512952,374238663,383422534
BR_MISP_RETIRED_ALL_BRANCHES,PMC1,1017,758,659,430,571,677
TABLE,Group 18 Raw STAT,BRANCH,5,,,,
Event,Counter,Sum,Min,Max,Avg,,
INSTR_RETIRED_ANY STAT,FIXC0,20626458118,3337311351,3689207834,3.437743e+09,,
CPU_CLK_UNHALTED_CORE STAT,FIXC1,7235869455,1194547261,1212735507,1.205978e+09,,
CPU_CLK_UNHALTED_REF STAT,FIXC2,13345031756,2203089684,2236634540,2.224172e+09,,
BR_INST_RETIRED_ALL_BRANCHES STAT,PMC0,2279684453,368784157,407941548,3.799474e+08,,
BR_MISP_RETIRED_ALL_BRANCHES STAT,PMC1,4112,430,1017,685.3333,,
TABLE,Group 18 Metric,BRANCH,8,,,,
Metric,Core 0,Core 1,Core 2,Core 3,Core 4,Core 5,
Runtime (RDTSC) [s],0.9964,0.9964,0.9964,0.9964,0.9964,0.9964,
Runtime unhalted [s],0.5449,0.5412,0.5467,0.5477,0.5485,0.5495,
Clock [MHz],1196.7272,1196.7260,1196.7250,1196.7255,1196.7255,1196.7257,
CPI,0.3260,0.3579,0.3586,0.3576,0.3575,0.3496,
Branch rate,0.1106,0.1105,0.1105,0.1105,0.1105,0.1105,
Branch misprediction rate,2.756689e-07,2.271289e-07,1.958715e-07,1.272157e-07,1.686031e-07,1.951712e-07,
Branch misprediction ratio,2.493004e-06,2.055403e-06,1.772532e-06,1.151232e-06,1.525764e-06,1.765676e-06,
Instructions per branch,9.0435,9.0495,9.0495,9.0494,9.0494,9.0468,
TABLE,Group 18 Metric STAT,BRANCH,8,,,,
Metric,Sum,Min,Max,Avg,,,
Runtime (RDTSC) [s] STAT,5.9784,0.9964,0.9964,0.9964,,,
Runtime unhalted [s] STAT,3.2785,0.5412,0.5495,0.5464,,,
Clock [MHz] STAT,7180.3549,1196.7250,1196.7272,1196.7258,,,
CPI STAT,2.1072,0.3260,0.3586,0.3512,,,
Branch rate STAT,0.6631,0.1105,0.1106,0.1105,,,
Branch misprediction rate STAT,1.189659e-06,1.272157e-07,2.756689e-07,1.982766e-07,,,
Branch misprediction ratio STAT,1.076361e-05,1.151232e-06,2.493004e-06,1.793935e-06,,,
Instructions per branch STAT,54.2881,9.0435,9.0495,9.0480,,,
STRUCT,Info,3,,,,,
CPU name:,Intel(R) Core(TM) i7-8750H CPU @ 2.20GHz,,,,,,
CPU type:,Intel Coffeelake processor,,,,,,
CPU clock:,2.207107816 GHz,,,,,,
TABLE,Group 19 Raw,RECOVERY,5,,,,
Event,Counter,Core 0,Core 1,Core 2,Core 3,Core 4,Core 5
INSTR_RETIRED_ANY,FIXC0,3585814928,3309832744,3367603716,3379175567,3387117394,3341963158
CPU_CLK_UNHALTED_CORE,FIXC1,1168615671,1152032930,1172338749,1174542886,1176459786,1178662273
CPU_CLK_UNHALTED_REF,FIXC2,2155261644,2124682132,2162131100,2166196120,2169732876,2173794400
INT_MISC_RECOVERY_CYCLES,PMC0,34477,24581,26442,20572,21484,29401
INT_MISC_RECOVERY_COUNT,PMC1,5721,4130,4487,3481,3669,4964
TABLE,Group 19 Raw STAT,RECOVERY,5,,,,
Event,Counter,Sum,Min,Max,Avg,,
INSTR_RETIRED_ANY STAT,FIXC0,20371507507,3309832744,3585814928,3.395251e+09,,
CPU_CLK_UNHALTED_CORE STAT,FIXC1,7022652295,1152032930,1178662273,1.170442e+09,,
CPU_CLK_UNHALTED_REF STAT,FIXC2,12951798272,2124682132,2173794400,2.158633e+09,,
INT_MISC_RECOVERY_CYCLES STAT,PMC0,156957,20572,34477,26159.5000,,
INT_MISC_RECOVERY_COUNT STAT,PMC1,26452,3481,5721,4408.6667,,
TABLE,Group 19 Metric,RECOVERY,5,,,,
Metric,Core 0,Core 1,Core 2,Core 3,Core 4,Core 5,
Runtime (RDTSC) [s],0.9709,0.9709,0.9709,0.9709,0.9709,0.9709,
Runtime unhalted [s],0.5295,0.5220,0.5312,0.5322,0.5330,0.5340,
Clock [MHz],1196.7275,1196.7253,1196.7258,1196.7258,1196.7250,1196.7253,
CPI,0.3259,0.3481,0.3481,0.3476,0.3473,0.3527,
Avg. recovery duration,6.0264,5.9518,5.8930,5.9098,5.8555,5.9228,
TABLE,Group 19 Metric STAT,RECOVERY,5,,,,
Metric,Sum,Min,Max,Avg,,,
Runtime (RDTSC) [s] STAT,5.8254,0.9709,0.9709,0.9709,,,
Runtime unhalted [s] STAT,3.1819,0.5220,0.5340,0.5303,,,
Clock [MHz] STAT,7180.3547,1196.7250,1196.7275,1196.7258,,,
CPI STAT,2.0697,0.3259,0.3527,0.3450,,,
Avg. recovery duration STAT,35.5593,5.8555,6.0264,5.9265,,,
STRUCT,Info,3,,,,,
CPU name:,Intel(R) Core(TM) i7-8750H CPU @ 2.20GHz,,,,,,
CPU type:,Intel Coffeelake processor,,,,,,
CPU clock:,2.207107816 GHz,,,,,,
TABLE,Group 20 Raw,DIVIDE,5,,,,
Event,Counter,Core 0,Core 1,Core 2,Core 3,Core 4,Core 5
INSTR_RETIRED_ANY,FIXC0,3323908286,3334167893,3355364866,3374111759,3381912391,3382713047
CPU_CLK_UNHALTED_CORE,FIXC1,1083062015,1075312610,1086695283,1088736838,1090507734,1092511574
CPU_CLK_UNHALTED_REF,FIXC2,1997477044,1983186776,2004180348,2007945724,2011211632,2014907364
ARITH_DIVIDER_COUNT,PMC0,0,0,0,0,0,0
ARITH_DIVIDER_ACTIVE,PMC1,0,0,0,0,0,0
TABLE,Group 20 Raw STAT,DIVIDE,5,,,,
Event,Counter,Sum,Min,Max,Avg,,
INSTR_RETIRED_ANY STAT,FIXC0,20152178242,3323908286,3382713047,3.358696e+09,,
CPU_CLK_UNHALTED_CORE STAT,FIXC1,6516826054,1075312610,1092511574,1.086138e+09,,
CPU_CLK_UNHALTED_REF STAT,FIXC2,12018908888,1983186776,2014907364,2.003151e+09,,
ARITH_DIVIDER_COUNT STAT,PMC0,0,0,0,0,,
ARITH_DIVIDER_ACTIVE STAT,PMC1,0,0,0,0,,
TABLE,Group 20 Metric,DIVIDE,6,,,,
Metric,Core 0,Core 1,Core 2,Core 3,Core 4,Core 5,
Runtime (RDTSC) [s],0.8974,0.8974,0.8974,0.8974,0.8974,0.8974,
Runtime unhalted [s],0.4907,0.4872,0.4924,0.4933,0.4941,0.4950,
Clock [MHz],1196.7270,1196.7258,1196.7255,1196.7254,1196.7254,1196.7254,
CPI,0.3258,0.3225,0.3239,0.3227,0.3225,0.3230,
Number of divide ops,0,0,0,0,0,0,
Avg. divide unit usage duration,-,-,-,-,-,-,
TABLE,Group 20 Metric STAT,DIVIDE,6,,,,
Metric,Sum,Min,Max,Avg,,,
Runtime (RDTSC) [s] STAT,5.3844,0.8974,0.8974,0.8974,,,
Runtime unhalted [s] STAT,2.9527,0.4872,0.4950,0.4921,,,
Clock [MHz] STAT,7180.3545,1196.7254,1196.7270,1196.7258,,,
CPI STAT,1.9404,0.3225,0.3258,0.3234,,,
Number of divide ops STAT,0,0,0,0,,,
Avg. divide unit usage duration STAT,0,inf,0,0,,,
STRUCT,Info,3,,,,,
CPU name:,Intel(R) Core(TM) i7-8750H CPU @ 2.20GHz,,,,,,
CPU type:,Intel Coffeelake processor,,,,,,
CPU clock:,2.207107816 GHz,,,,,,
TABLE,Group 21 Raw,UOPS_EXEC,7,,,,
Event,Counter,Core 0,Core 1,Core 2,Core 3,Core 4,Core 5
INSTR_RETIRED_ANY,FIXC0,3330861634,3331298846,3373010176,3387439447,3397349292,3308256094
CPU_CLK_UNHALTED_CORE,FIXC1,1086102630,1078548757,1091000790,1093830762,1096348474,1099042978
CPU_CLK_UNHALTED_REF,FIXC2,2003084812,1989154816,2012121328,2017340396,2021983820,2026953200
UOPS_EXECUTED_USED_CYCLES,PMC0,1069439605,1062090058,1075031609,1077595489,1080062963,1077592090
UOPS_EXECUTED_STALL_CYCLES,PMC1,16663025,16458699,15969181,16235273,16285511,21450888
CPU_CLOCK_UNHALTED_TOTAL_CYCLES,PMC2,1086102630,1078548757,1091000790,1093830762,1096348474,1099042978
UOPS_EXECUTED_STALL_CYCLES,PMC3,16338114,16039087,15755649,15892914,15999577,20718753
TABLE,Group 21 Raw STAT,UOPS_EXEC,7,,,,
Event,Counter,Sum,Min,Max,Avg,,
INSTR_RETIRED_ANY STAT,FIXC0,20128215489,3308256094,3397349292,3.354703e+09,,
CPU_CLK_UNHALTED_CORE STAT,FIXC1,6544874391,1078548757,1099042978,1.090812e+09,,
CPU_CLK_UNHALTED_REF STAT,FIXC2,12070638372,1989154816,2026953200,2011773062,,
UOPS_EXECUTED_USED_CYCLES STAT,PMC0,6441811814,1062090058,1080062963,1.073635e+09,,
UOPS_EXECUTED_STALL_CYCLES STAT,PMC1,103062577,15969181,21450888,1.717710e+07,,
CPU_CLOCK_UNHALTED_TOTAL_CYCLES STAT,PMC2,6544874391,1078548757,1099042978,1.090812e+09,,
UOPS_EXECUTED_STALL_CYCLES STAT,PMC3,100744094,15755649,20718753,1.679068e+07,,
TABLE,Group 21 Metric,UOPS_EXEC,7,,,,
Metric,Core 0,Core 1,Core 2,Core 3,Core 4,Core 5,
Runtime (RDTSC) [s],0.8972,0.8972,0.8972,0.8972,0.8972,0.8972,
Runtime unhalted [s],0.4921,0.4887,0.4943,0.4956,0.4967,0.4980,
Clock [MHz],1196.7270,1196.7261,1196.7252,1196.7254,1196.7253,1196.7254,
CPI,0.3261,0.3238,0.3235,0.3229,0.3227,0.3322,
Used cycles ratio [%],98.4658,98.4740,98.5363,98.5157,98.5146,98.0482,
Unused cycles ratio [%],1.5342,1.5260,1.4637,1.4843,1.4854,1.9518,
Avg stall duration [cycles],1.0199,1.0262,1.0136,1.0215,1.0179,1.0353,
TABLE,Group 21 Metric STAT,UOPS_EXEC,7,,,,
Metric,Sum,Min,Max,Avg,,,
Runtime (RDTSC) [s] STAT,5.3832,0.8972,0.8972,0.8972,,,
Runtime unhalted [s] STAT,2.9654,0.4887,0.4980,0.4942,,,
Clock [MHz] STAT,7180.3544,1196.7252,1196.7270,1196.7257,,,
CPI STAT,1.9512,0.3227,0.3322,0.3252,,,
Used cycles ratio [%] STAT,590.5546,98.0482,98.5363,98.4258,,,
Unused cycles ratio [%] STAT,9.4454,1.4637,1.9518,1.5742,,,
Avg stall duration [cycles] STAT,6.1344,1.0136,1.0353,1.0224,,,
STRUCT,Info,3,,,,,
CPU name:,Intel(R) Core(TM) i7-8750H CPU @ 2.20GHz,,,,,,
CPU type:,Intel Coffeelake processor,,,,,,
CPU clock:,2.207107816 GHz,,,,,,
TABLE,Group 22 Raw,L3CACHE,6,,,,
Event,Counter,Core 0,Core 1,Core 2,Core 3,Core 4,Core 5
INSTR_RETIRED_ANY,FIXC0,3321244351,3332188046,3355149805,3376403686,3385352611,3363220212
CPU_CLK_UNHALTED_CORE,FIXC1,1083339876,1075766847,1087437813,1089948237,1092107458,1094479463
CPU_CLK_UNHALTED_REF,FIXC2,1997989576,1984023240,2005550596,2010179668,2014161796,2018537132
MEM_LOAD_RETIRED_L3_HIT,PMC0,460,276,338,83,111,275
MEM_LOAD_RETIRED_L3_MISS,PMC1,16,9,4,14,16,1
UOPS_RETIRED_ALL,PMC2,3800347183,3812872422,3839146856,3863455815,3873695376,3848390359
TABLE,Group 22 Raw STAT,L3CACHE,6,,,,
Event,Counter,Sum,Min,Max,Avg,,
INSTR_RETIRED_ANY STAT,FIXC0,20133558711,3321244351,3385352611,3.355593e+09,,
CPU_CLK_UNHALTED_CORE STAT,FIXC1,6523079694,1075766847,1094479463,1087179949,,
CPU_CLK_UNHALTED_REF STAT,FIXC2,12030442008,1984023240,2018537132,2005073668,,
MEM_LOAD_RETIRED_L3_HIT STAT,PMC0,1543,83,460,257.1667,,
MEM_LOAD_RETIRED_L3_MISS STAT,PMC1,60,1,16,10,,
UOPS_RETIRED_ALL STAT,PMC2,23037908011,3800347183,3873695376,3.839651e+09,,
TABLE,Group 22 Metric,L3CACHE,7,,,,
Metric,Core 0,Core 1,Core 2,Core 3,Core 4,Core 5,
Runtime (RDTSC) [s],0.8962,0.8962,0.8962,0.8962,0.8962,0.8962,
Runtime unhalted [s],0.4908,0.4874,0.4927,0.4938,0.4948,0.4959,
Clock [MHz],1196.7269,1196.7266,1196.7250,1196.7255,1196.7256,1196.7252,
CPI,0.3262,0.3228,0.3241,0.3228,0.3226,0.3254,
L3 request rate,1.252517e-07,7.474680e-08,8.908229e-08,2.510706e-08,3.278523e-08,7.171830e-08,
L3 miss rate,4.210142e-09,2.360425e-09,1.041898e-09,3.623699e-09,4.130423e-09,2.598489e-10,
L3 miss ratio,0.0336,0.0316,0.0117,0.1443,0.1260,0.0036,
TABLE,Group 22 Metric STAT,L3CACHE,7,,,,
Metric,Sum,Min,Max,Avg,,,
Runtime (RDTSC) [s] STAT,5.3772,0.8962,0.8962,0.8962,,,
Runtime unhalted [s] STAT,2.9554,0.4874,0.4959,0.4926,,,
Clock [MHz] STAT,7180.3548,1196.7250,1196.7269,1196.7258,,,
CPI STAT,1.9439,0.3226,0.3262,0.3240,,,
L3 request rate STAT,4.186914e-07,2.510706e-08,1.252517e-07,6.978190e-08,,,
L3 miss rate STAT,1.562644e-08,2.598489e-10,4.210142e-09,2.604406e-09,,,
L3 miss ratio STAT,0.3508,0.0036,0.1443,0.0585,,,
STRUCT,Info,3,,,,,
CPU name:,Intel(R) Core(TM) i7-8750H CPU @ 2.20GHz,,,,,,
CPU type:,Intel Coffeelake processor,,,,,,
CPU clock:,2.207107816 GHz,,,,,,
TABLE,Group 23 Raw,FLOPS_SP,6,,,,
Event,Counter,Core 0,Core 1,Core 2,Core 3,Core 4,Core 5
INSTR_RETIRED_ANY,FIXC0,3326724879,3361245840,3368311536,3380446275,3392149692,3387961732
CPU_CLK_UNHALTED_CORE,FIXC1,1083881459,1084956219,1088613156,1090994563,1093217595,1095561816
CPU_CLK_UNHALTED_REF,FIXC2,1998988420,2000971756,2007717840,2012109460,2016209900,2020533716
FP_ARITH_INST_RETIRED_128B_PACKED_SINGLE,PMC0,0,0,0,0,0,0
FP_ARITH_INST_RETIRED_SCALAR_SINGLE,PMC1,0,0,0,0,0,0
FP_ARITH_INST_RETIRED_256B_PACKED_SINGLE,PMC2,1279509531,1292786725,1295504333,1300171590,1304672817,1303062038
TABLE,Group 23 Raw STAT,FLOPS_SP,6,,,,
Event,Counter,Sum,Min,Max,Avg,,
INSTR_RETIRED_ANY STAT,FIXC0,20216839954,3326724879,3392149692,3.369473e+09,,
CPU_CLK_UNHALTED_CORE STAT,FIXC1,6537224808,1083881459,1095561816,1089537468,,
CPU_CLK_UNHALTED_REF STAT,FIXC2,12056531092,1998988420,2020533716,2.009422e+09,,
FP_ARITH_INST_RETIRED_128B_PACKED_SINGLE STAT,PMC0,0,0,0,0,,
FP_ARITH_INST_RETIRED_SCALAR_SINGLE STAT,PMC1,0,0,0,0,,
FP_ARITH_INST_RETIRED_256B_PACKED_SINGLE STAT,PMC2,7775707034,1279509531,1304672817,1.295951e+09,,
TABLE,Group 23 Metric,FLOPS_SP,9,,,,
Metric,Core 0,Core 1,Core 2,Core 3,Core 4,Core 5,
Runtime (RDTSC) [s],0.8968,0.8968,0.8968,0.8968,0.8968,0.8968,
Runtime unhalted [s],0.4911,0.4916,0.4932,0.4943,0.4953,0.4964,
Clock [MHz],1196.7269,1196.7262,1196.7252,1196.7255,1196.7252,1196.7249,
CPI,0.3258,0.3228,0.3232,0.3227,0.3223,0.3234,
SP MFLOP/s,11414.2717,11532.7151,11556.9584,11598.5942,11638.7488,11624.3793,
AVX SP MFLOP/s,11414.2717,11532.7151,11556.9584,11598.5942,11638.7488,11624.3793,
Packed MUOPS/s,1426.7840,1441.5894,1444.6198,1449.8243,1454.8436,1453.0474,
Scalar MUOPS/s,0,0,0,0,0,0,
Vectorization ratio,100,100,100,100,100,100,
TABLE,Group 23 Metric STAT,FLOPS_SP,9,,,,
Metric,Sum,Min,Max,Avg,,,
Runtime (RDTSC) [s] STAT,5.3808,0.8968,0.8968,0.8968,,,
Runtime unhalted [s] STAT,2.9619,0.4911,0.4964,0.4936,,,
Clock [MHz] STAT,7180.3539,1196.7249,1196.7269,1196.7257,,,
CPI STAT,1.9402,0.3223,0.3258,0.3234,,,
SP MFLOP/s STAT,69365.6675,11414.2717,11638.7488,11560.9446,,,
AVX SP MFLOP/s STAT,69365.6675,11414.2717,11638.7488,11560.9446,,,
Packed MUOPS/s STAT,8670.7085,1426.7840,1454.8436,1445.1181,,,
Scalar MUOPS/s STAT,0,0,0,0,,,
Vectorization ratio STAT,600,100,100,100,,,
STRUCT,Info,3,,,,,
CPU name:,Intel(R) Core(TM) i7-8750H CPU @ 2.20GHz,,,,,,
CPU type:,Intel Coffeelake processor,,,,,,
CPU clock:,2.207107816 GHz,,,,,,
TABLE,Group 24 Raw,FALSE_SHARE,5,,,,
Event,Counter,Core 0,Core 1,Core 2,Core 3,Core 4,Core 5
INSTR_RETIRED_ANY,FIXC0,3318167512,3327888112,3349193739,3370277073,3378197399,3277980150
CPU_CLK_UNHALTED_CORE,FIXC1,1082428851,1074896501,1085797227,1087961146,1089654036,1091419504
CPU_CLK_UNHALTED_REF,FIXC2,1996308828,1982417932,2002525084,2006516136,2009636592,2012893208
MEM_LOAD_L3_HIT_RETIRED_XSNP_HITM,PMC0,0,0,0,0,0,0
MEM_INST_RETIRED_ALL,PMC2,1563366946,1567947120,1577985444,1587918963,1591650596,1544432556
TABLE,Group 24 Raw STAT,FALSE_SHARE,5,,,,
Event,Counter,Sum,Min,Max,Avg,,
INSTR_RETIRED_ANY STAT,FIXC0,20021703985,3277980150,3378197399,3.336951e+09,,
CPU_CLK_UNHALTED_CORE STAT,FIXC1,6512157265,1074896501,1091419504,1.085360e+09,,
CPU_CLK_UNHALTED_REF STAT,FIXC2,12010297780,1982417932,2012893208,2.001716e+09,,
MEM_LOAD_L3_HIT_RETIRED_XSNP_HITM STAT,PMC0,0,0,0,0,,
MEM_INST_RETIRED_ALL STAT,PMC2,9433301625,1544432556,1591650596,1.572217e+09,,
TABLE,Group 24 Metric,FALSE_SHARE,6,,,,
Metric,Core 0,Core 1,Core 2,Core 3,Core 4,Core 5,
Runtime (RDTSC) [s],0.8968,0.8968,0.8968,0.8968,0.8968,0.8968,
Runtime unhalted [s],0.4904,0.4870,0.4920,0.4929,0.4937,0.4945,
Clock [MHz],1196.7273,1196.7267,1196.7249,1196.7248,1196.7258,1196.7254,
CPI,0.3262,0.3230,0.3242,0.3228,0.3226,0.3330,
Local LLC false sharing [MByte],0,0,0,0,0,0,
Local LLC false sharing rate,0,0,0,0,0,0,
TABLE,Group 24 Metric STAT,FALSE_SHARE,6,,,,
Metric,Sum,Min,Max,Avg,,,
Runtime (RDTSC) [s] STAT,5.3808,0.8968,0.8968,0.8968,,,
Runtime unhalted [s] STAT,2.9505,0.4870,0.4945,0.4917,,,
Clock [MHz] STAT,7180.3549,1196.7248,1196.7273,1196.7258,,,
CPI STAT,1.9518,0.3226,0.3330,0.3253,,,
Local LLC false sharing [MByte] STAT,0,0,0,0,,,
Local LLC false sharing rate STAT,0,0,0,0,,,
STRUCT,Info,3,,,,,
CPU name:,Intel(R) Core(TM) i7-8750H CPU @ 2.20GHz,,,,,,
CPU type:,Intel Coffeelake processor,,,,,,
CPU clock:,2.207107816 GHz,,,,,,
TABLE,Group 25 Raw,TMA,7,,,,
Event,Counter,Core 0,Core 1,Core 2,Core 3,Core 4,Core 5
INSTR_RETIRED_ANY,FIXC0,3327322220,3340806132,3368447239,3389125444,3400217925,3404041152
CPU_CLK_UNHALTED_CORE,FIXC1,1086128793,1078927068,1090895144,1093816274,1096375542,1099086035
CPU_CLK_UNHALTED_REF,FIXC2,2003132284,1989851348,2011926288,2017314176,2022033592,2027032412
UOPS_ISSUED_ANY,PMC0,3663425308,3678287750,3708699361,3731442340,3743661851,3747879132
UOPS_RETIRED_RETIRE_SLOTS,PMC1,3663331875,3678178437,3708607707,3731364975,3743577767,3747788620
IDQ_UOPS_NOT_DELIVERED_CORE,PMC2,21007783,17256720,17887389,17052528,16937076,17419074
INT_MISC_RECOVERY_CYCLES,PMC3,20590,21484,18651,16348,17045,19560
TABLE,Group 25 Raw STAT,TMA,7,,,,
Event,Counter,Sum,Min,Max,Avg,,
INSTR_RETIRED_ANY STAT,FIXC0,20229960112,3327322220,3404041152,3.371660e+09,,
CPU_CLK_UNHALTED_CORE STAT,FIXC1,6545228856,1078927068,1099086035,1090871476,,
CPU_CLK_UNHALTED_REF STAT,FIXC2,12071290100,1989851348,2027032412,2.011882e+09,,
UOPS_ISSUED_ANY STAT,PMC0,22273395742,3663425308,3747879132,3.712233e+09,,
UOPS_RETIRED_RETIRE_SLOTS STAT,PMC1,22272849381,3663331875,3747788620,3.712142e+09,,
IDQ_UOPS_NOT_DELIVERED_CORE STAT,PMC2,107560570,16937076,21007783,1.792676e+07,,
INT_MISC_RECOVERY_CYCLES STAT,PMC3,113678,16348,21484,18946.3333,,
TABLE,Group 25 Metric,TMA,13,,,,
Metric,Core 0,Core 1,Core 2,Core 3,Core 4,Core 5,
Runtime (RDTSC) [s],0.8973,0.8973,0.8973,0.8973,0.8973,0.8973,
Runtime unhalted [s],0.4921,0.4888,0.4943,0.4956,0.4967,0.4980,
Clock [MHz],1196.7274,1196.7268,1196.7254,1196.7251,1196.7254,1196.7255,
CPI,0.3264,0.3230,0.3239,0.3227,0.3224,0.3229,
IPC,3.0635,3.0964,3.0878,3.0984,3.1013,3.0972,
Total Slots,4344515172,4315708272,4363580576,4375265096,4385502168,4396344140,
Slots Retired,3663331875,3678178437,3708607707,3731364975,3743577767,3747788620,
Fetch Bubbles,21007783,17256720,17887389,17052528,16937076,17419074,
Recovery Bubbles,82360,85936,74604,65392,68180,78240,
Front End [%],0.4835,0.3999,0.4099,0.3897,0.3862,0.3962,
Speculation [%],0.0040,0.0045,0.0038,0.0033,0.0035,0.0038,
Retiring [%],84.3208,85.2277,84.9900,85.2832,85.3626,85.2478,
Back End [%],15.1916,14.3679,14.5963,14.3238,14.2477,14.3521,
TABLE,Group 25 Metric STAT,TMA,13,,,,
Metric,Sum,Min,Max,Avg,,,
Runtime (RDTSC) [s] STAT,5.3838,0.8973,0.8973,0.8973,,,
Runtime unhalted [s] STAT,2.9655,0.4888,0.4980,0.4943,,,
Clock [MHz] STAT,7180.3556,1196.7251,1196.7274,1196.7259,,,
CPI STAT,1.9413,0.3224,0.3264,0.3236,,,
IPC STAT,18.5446,3.0635,3.1013,3.0908,,,
Total Slots STAT,26180915424,4315708272,4396344140,4363485904,,,
Slots Retired STAT,22272849381,3663331875,3747788620,3.712142e+09,,,
Fetch Bubbles STAT,107560570,16937076,21007783,1.792676e+07,,,
Recovery Bubbles STAT,454712,65392,85936,75785.3333,,,
Front End [%] STAT,2.4654,0.3862,0.4835,0.4109,,,
Speculation [%] STAT,0.0229,0.0033,0.0045,0.0038,,,
Retiring [%] STAT,510.4321,84.3208,85.3626,85.0720,,,
Back End [%] STAT,87.0794,14.2477,15.1916,14.5132,,,
STRUCT,Info,3,,,,,
CPU name:,Intel(R) Core(TM) i7-8750H CPU @ 2.20GHz,,,,,,
CPU type:,Intel Coffeelake processor,,,,,,
CPU clock:,2.207107816 GHz,,,,,,
TABLE,Group 26 Raw,UOPS_ISSUE,7,,,,
Event,Counter,Core 0,Core 1,Core 2,Core 3,Core 4,Core 5
INSTR_RETIRED_ANY,FIXC0,3326723343,3339671707,3371898873,3386868114,3396663986,3404479310
CPU_CLK_UNHALTED_CORE,FIXC1,1085002348,1077660035,1089832595,1092704619,1095225135,1098036869
CPU_CLK_UNHALTED_REF,FIXC2,2001054556,1987515560,2009966688,2015263312,2019912072,2025098296
UOPS_ISSUED_USED_CYCLES,PMC0,919958784,923297049,932212931,936345162,939049503,941203028
UOPS_ISSUED_STALL_CYCLES,PMC1,165043564,154362986,157619664,156359457,156175632,156833841
CPU_CLOCK_UNHALTED_TOTAL_CYCLES,PMC2,1085002348,1077660035,1089832595,1092704619,1095225135,1098036869
UOPS_ISSUED_STALL_CYCLES,PMC3,105318570,115241844,114562060,116441939,114914490,115370426
TABLE,Group 26 Raw STAT,UOPS_ISSUE,7,,,,
Event,Counter,Sum,Min,Max,Avg,,
INSTR_RETIRED_ANY STAT,FIXC0,20226305333,3326723343,3404479310,3.371051e+09,,
CPU_CLK_UNHALTED_CORE STAT,FIXC1,6538461601,1077660035,1098036869,1.089744e+09,,
CPU_CLK_UNHALTED_REF STAT,FIXC2,12058810484,1987515560,2025098296,2.009802e+09,,
UOPS_ISSUED_USED_CYCLES STAT,PMC0,5592066457,919958784,941203028,9.320111e+08,,
UOPS_ISSUED_STALL_CYCLES STAT,PMC1,946395144,154362986,165043564,157732524,,
CPU_CLOCK_UNHALTED_TOTAL_CYCLES STAT,PMC2,6538461601,1077660035,1098036869,1.089744e+09,,
UOPS_ISSUED_STALL_CYCLES STAT,PMC3,681849329,105318570,116441939,1.136416e+08,,
TABLE,Group 26 Metric,UOPS_ISSUE,7,,,,
Metric,Core 0,Core 1,Core 2,Core 3,Core 4,Core 5,
Runtime (RDTSC) [s],0.8963,0.8963,0.8963,0.8963,0.8963,0.8963,
Runtime unhalted [s],0.4916,0.4883,0.4938,0.4951,0.4962,0.4975,
Clock [MHz],1196.7276,1196.7262,1196.7253,1196.7255,1196.7253,1196.7250,
CPI,0.3261,0.3227,0.3232,0.3226,0.3224,0.3225,
Used cycles ratio [%],84.7886,85.6761,85.5373,85.6906,85.7403,85.7169,
Unused cycles ratio [%],15.2114,14.3239,14.4627,14.3094,14.2597,14.2831,
Avg stall duration [cycles],1.5671,1.3395,1.3758,1.3428,1.3591,1.3594,
TABLE,Group 26 Metric STAT,UOPS_ISSUE,7,,,,
Metric,Sum,Min,Max,Avg,,,
Runtime (RDTSC) [s] STAT,5.3778,0.8963,0.8963,0.8963,,,
Runtime unhalted [s] STAT,2.9625,0.4883,0.4975,0.4937,,,
Clock [MHz] STAT,7180.3549,1196.7250,1196.7276,1196.7258,,,
CPI STAT,1.9395,0.3224,0.3261,0.3232,,,
Used cycles ratio [%] STAT,513.1498,84.7886,85.7403,85.5250,,,
Unused cycles ratio [%] STAT,86.8502,14.2597,15.2114,14.4750,,,
Avg stall duration [cycles] STAT,8.3437,1.3395,1.5671,1.3906,,,
STRUCT,Info,3,,,,,
CPU name:,Intel(R) Core(TM) i7-8750H CPU @ 2.20GHz,,,,,,
CPU type:,Intel Coffeelake processor,,,,,,
CPU clock:,2.207107816 GHz,,,,,,
TABLE,Group 27 Raw,CYCLE_STALLS,7,,,,
Event,Counter,Core 0,Core 1,Core 2,Core 3,Core 4,Core 5
INSTR_RETIRED_ANY,FIXC0,3323110535,3337429871,3369093364,3386294993,3396564981,3342046463
CPU_CLK_UNHALTED_CORE,FIXC1,1084994496,1077607277,1089756778,1092617223,1095140355,1097834774
CPU_CLK_UNHALTED_REF,FIXC2,2001040848,1987417304,2009826204,2015102772,2019755764,2024726248
CYCLE_ACTIVITY_STALLS_L2_PENDING,PMC0,10927,7550,4825,2239,2777,10753
CYCLE_ACTIVITY_STALLS_LDM_PENDING,PMC1,16382771,16161236,15550684,15650051,15663517,19306779
CYCLE_ACTIVITY_STALLS_L1D_PENDING,PMC2,16917,11202,6379,3711,3792,13077
CYCLE_ACTIVITY_STALLS_TOTAL,PMC3,16595584,16384724,15712440,15789421,15823797,19522582
TABLE,Group 27 Raw STAT,CYCLE_STALLS,7,,,,
Event,Counter,Sum,Min,Max,Avg,,
INSTR_RETIRED_ANY STAT,FIXC0,20154540207,3323110535,3396564981,3.359090e+09,,
CPU_CLK_UNHALTED_CORE STAT,FIXC1,6537950903,1077607277,1097834774,1.089658e+09,,
CPU_CLK_UNHALTED_REF STAT,FIXC2,12057869140,1987417304,2024726248,2.009645e+09,,
CYCLE_ACTIVITY_STALLS_L2_PENDING STAT,PMC0,39071,2239,10927,6511.8333,,
CYCLE_ACTIVITY_STALLS_LDM_PENDING STAT,PMC1,98715038,15550684,19306779,1.645251e+07,,
CYCLE_ACTIVITY_STALLS_L1D_PENDING STAT,PMC2,55078,3711,16917,9179.6667,,
CYCLE_ACTIVITY_STALLS_TOTAL STAT,PMC3,99828548,15712440,19522582,1.663809e+07,,
TABLE,Group 27 Metric,CYCLE_STALLS,12,,,,
Metric,Core 0,Core 1,Core 2,Core 3,Core 4,Core 5,
Runtime (RDTSC) [s],0.8963,0.8963,0.8963,0.8963,0.8963,0.8963,
Runtime unhalted [s],0.4916,0.4882,0.4937,0.4950,0.4962,0.4974,
Clock [MHz],1196.7271,1196.7267,1196.7257,1196.7251,1196.7253,1196.7246,
CPI,0.3265,0.3229,0.3235,0.3227,0.3224,0.3285,
Total execution stalls,16595584,16384724,15712440,15789421,15823797,19522582,
Stalls caused by L1D misses [%],0.1019,0.0684,0.0406,0.0235,0.0240,0.0670,
Stalls caused by L2 misses [%],0.0658,0.0461,0.0307,0.0142,0.0175,0.0551,
Stalls caused by memory loads [%],98.7177,98.6360,98.9705,99.1173,98.9871,98.8946,
Execution stall rate [%],1.5296,1.5205,1.4418,1.4451,1.4449,1.7783,
Stalls caused by L1D misses rate [%],0.0016,0.0010,0.0006,0.0003,0.0003,0.0012,
Stalls caused by L2 misses rate [%],0.0010,0.0007,0.0004,0.0002,0.0003,0.0010,
Stalls caused by memory loads rate [%],1.5099,1.4997,1.4270,1.4323,1.4303,1.7586,
TABLE,Group 27 Metric STAT,CYCLE_STALLS,12,,,,
Metric,Sum,Min,Max,Avg,,,
Runtime (RDTSC) [s] STAT,5.3778,0.8963,0.8963,0.8963,,,
Runtime unhalted [s] STAT,2.9621,0.4882,0.4974,0.4937,,,
Clock [MHz] STAT,7180.3545,1196.7246,1196.7271,1196.7257,,,
CPI STAT,1.9465,0.3224,0.3285,0.3244,,,
Total execution stalls STAT,99828548,15712440,19522582,1.663809e+07,,,
Stalls caused by L1D misses [%] STAT,0.3254,0.0235,0.1019,0.0542,,,
Stalls caused by L2 misses [%] STAT,0.2294,0.0142,0.0658,0.0382,,,
Stalls caused by memory loads [%] STAT,593.3232,98.6360,99.1173,98.8872,,,
Execution stall rate [%] STAT,9.1602,1.4418,1.7783,1.5267,,,
Stalls caused by L1D misses rate [%] STAT,0.0050,0.0003,0.0016,0.0008,,,
Stalls caused by L2 misses rate [%] STAT,0.0036,0.0002,0.0010,0.0006,,,
Stalls caused by memory loads rate [%] STAT,9.0578,1.4270,1.7586,1.5096,,,
