STRUCT,Info,3,,,
CPU name:,Intel(R) Core(TM) i7-8750H CPU @ 2.20GHz,,,,
CPU type:,Intel Coffeelake processor,,,,
CPU clock:,2.207976773 GHz,,,,
TABLE,Group 1 Raw,UOPS_RETIRE,7,,
Event,Counter,Core 0,Core 6,,
INSTR_RETIRED_ANY,FIXC0,12532928026,12544340572,,
CPU_CLK_UNHALTED_CORE,FIXC1,7117690617,7125884497,,
CPU_CLK_UNHALTED_REF,FIXC2,9266154808,9276829936,,
UOPS_RETIRED_USED_CYCLES,PMC0,3859326493,3864354216,,
UOPS_RETIRED_STALL_CYCLES,PMC1,3258364124,3261530281,,
CPU_CLOCK_UNHALTED_TOTAL_CYCLES,PMC2,7117690617,7125884497,,
UOPS_RETIRED_STALL_CYCLES,PMC3,1590762473,1594640692,,
TABLE,Group 1 Raw STAT,UOPS_RETIRE,7,,
Event,Counter,Sum,Min,Max,Avg
INSTR_RETIRED_ANY STAT,FIXC0,25077268598,12532928026,12544340572,12538634299
CPU_CLK_UNHALTED_CORE STAT,FIXC1,14243575114,7117690617,7125884497,7121787557
CPU_CLK_UNHALTED_REF STAT,FIXC2,18542984744,9266154808,9276829936,9271492372
UOPS_RETIRED_USED_CYCLES STAT,PMC0,7723680709,3859326493,3864354216,3.861840e+09
UOPS_RETIRED_STALL_CYCLES STAT,PMC1,6519894405,3258364124,3261530281,3.259947e+09
CPU_CLOCK_UNHALTED_TOTAL_CYCLES STAT,PMC2,14243575114,7117690617,7125884497,7121787557
UOPS_RETIRED_STALL_CYCLES STAT,PMC3,3185403165,1590762473,1594640692,1.592702e+09
TABLE,Group 1 Metric,UOPS_RETIRE,7,,
Metric,Core 0,Core 6,,,
Runtime (RDTSC) [s],4.2988,4.2988,,,
Runtime unhalted [s],3.2236,3.2273,,,
Clock [MHz],1696.0321,1696.0306,,,
CPI,0.5679,0.5681,,,
Used cycles ratio [%],54.2216,54.2298,,,
Unused cycles ratio [%],45.7784,45.7702,,,
Avg stall duration [cycles],2.0483,2.0453,,,
TABLE,Group 1 Metric STAT,UOPS_RETIRE,7,,
Metric,Sum,Min,Max,Avg,
Runtime (RDTSC) [s] STAT,8.5976,4.2988,4.2988,4.2988,
Runtime unhalted [s] STAT,6.4509,3.2236,3.2273,3.2254,
Clock [MHz] STAT,3392.0627,1696.0306,1696.0321,1696.0313,
CPI STAT,1.1360,0.5679,0.5681,0.5680,
Used cycles ratio [%] STAT,108.4514,54.2216,54.2298,54.2257,
Unused cycles ratio [%] STAT,91.5486,45.7702,45.7784,45.7743,
Avg stall duration [cycles] STAT,4.0936,2.0453,2.0483,2.0468,
STRUCT,Info,3,,,
CPU name:,Intel(R) Core(TM) i7-8750H CPU @ 2.20GHz,,,,
CPU type:,Intel Coffeelake processor,,,,
CPU clock:,2.207976773 GHz,,,,
TABLE,Group 2 Raw,L3,5,,
Event,Counter,Core 0,Core 6,,
INSTR_RETIRED_ANY,FIXC0,12529635440,12536570657,,
CPU_CLK_UNHALTED_CORE,FIXC1,7116230713,7119960230,,
CPU_CLK_UNHALTED_REF,FIXC2,9264587312,9269119416,,
L2_LINES_IN_ALL,PMC0,26836,16263,,
L2_TRANS_L2_WB,PMC1,5012,1067,,
TABLE,Group 2 Raw STAT,L3,5,,
Event,Counter,Sum,Min,Max,Avg
INSTR_RETIRED_ANY STAT,FIXC0,25066206097,12529635440,12536570657,1.253310e+10
CPU_CLK_UNHALTED_CORE STAT,FIXC1,14236190943,7116230713,7119960230,7.118095e+09
CPU_CLK_UNHALTED_REF STAT,FIXC2,18533706728,9264587312,9269119416,9266853364
L2_LINES_IN_ALL STAT,PMC0,43099,16263,26836,21549.5000
L2_TRANS_L2_WB STAT,PMC1,6079,1067,5012,3039.5000
TABLE,Group 2 Metric,L3,10,,
Metric,Core 0,Core 6,,,
Runtime (RDTSC) [s],4.2973,4.2973,,,
Runtime unhalted [s],3.2230,3.2247,,,
Clock [MHz],1695.9711,1696.0302,,,
CPI,0.5680,0.5679,,,
L3 load bandwidth [MBytes/s],0.3997,0.2422,,,
L3 load data volume [GBytes],0.0017,0.0010,,,
L3 evict bandwidth [MBytes/s],0.0746,0.0159,,,
L3 evict data volume [GBytes],0.0003,0.0001,,,
L3 bandwidth [MBytes/s],0.4743,0.2581,,,
L3 data volume [GBytes],0.0020,0.0011,,,
TABLE,Group 2 Metric STAT,L3,10,,
Metric,Sum,Min,Max,Avg,
Runtime (RDTSC) [s] STAT,8.5946,4.2973,4.2973,4.2973,
Runtime unhalted [s] STAT,6.4477,3.2230,3.2247,3.2238,
Clock [MHz] STAT,3392.0013,1695.9711,1696.0302,1696.0006,
CPI STAT,1.1359,0.5679,0.5680,0.5679,
L3 load bandwidth [MBytes/s] STAT,0.6419,0.2422,0.3997,0.3210,
L3 load data volume [GBytes] STAT,0.0027,0.0010,0.0017,0.0014,
L3 evict bandwidth [MBytes/s] STAT,0.0905,0.0159,0.0746,0.0452,
L3 evict data volume [GBytes] STAT,0.0004,0.0001,0.0003,0.0002,
L3 bandwidth [MBytes/s] STAT,0.7324,0.2581,0.4743,0.3662,
L3 data volume [GBytes] STAT,0.0031,0.0011,0.0020,0.0016,
STRUCT,Info,3,,,
CPU name:,Intel(R) Core(TM) i7-8750H CPU @ 2.20GHz,,,,
CPU type:,Intel Coffeelake processor,,,,
CPU clock:,2.207976773 GHz,,,,
TABLE,Group 3 Raw,DATA,5,,
Event,Counter,Core 0,Core 6,,
INSTR_RETIRED_ANY,FIXC0,12532373380,12539203233,,
CPU_CLK_UNHALTED_CORE,FIXC1,7117579551,7121471386,,
CPU_CLK_UNHALTED_REF,FIXC2,9266011288,9271085364,,
MEM_INST_RETIRED_ALL_LOADS,PMC0,6667354546,6670988153,,
MEM_INST_RETIRED_ALL_STORES,PMC1,23208066,23220745,,
TABLE,Group 3 Raw STAT,DATA,5,,
Event,Counter,Sum,Min,Max,Avg
INSTR_RETIRED_ANY STAT,FIXC0,25071576613,12532373380,12539203233,1.253579e+10
CPU_CLK_UNHALTED_CORE STAT,FIXC1,14239050937,7117579551,7121471386,7.119525e+09
CPU_CLK_UNHALTED_REF STAT,FIXC2,18537096652,9266011288,9271085364,9268548326
MEM_INST_RETIRED_ALL_LOADS STAT,PMC0,13338342699,6667354546,6670988153,6.669171e+09
MEM_INST_RETIRED_ALL_STORES STAT,PMC1,46428811,23208066,23220745,2.321441e+07
TABLE,Group 3 Metric,DATA,5,,
Metric,Core 0,Core 6,,,
Runtime (RDTSC) [s],4.2986,4.2986,,,
Runtime unhalted [s],3.2236,3.2253,,,
Clock [MHz],1696.0319,1696.0305,,,
CPI,0.5679,0.5679,,,
Load to store ratio,287.2861,287.2857,,,
TABLE,Group 3 Metric STAT,DATA,5,,
Metric,Sum,Min,Max,Avg,
Runtime (RDTSC) [s] STAT,8.5972,4.2986,4.2986,4.2986,
Runtime unhalted [s] STAT,6.4489,3.2236,3.2253,3.2245,
Clock [MHz] STAT,3392.0624,1696.0305,1696.0319,1696.0312,
CPI STAT,1.1358,0.5679,0.5679,0.5679,
Load to store ratio STAT,574.5718,287.2857,287.2861,287.2859,
STRUCT,Info,3,,,
CPU name:,Intel(R) Core(TM) i7-8750H CPU @ 2.20GHz,,,,
CPU type:,Intel Coffeelake processor,,,,
CPU clock:,2.207976773 GHz,,,,
TABLE,Group 4 Raw,FLOPS_AVX,5,,
Event,Counter,Core 0,Core 6,,
INSTR_RETIRED_ANY,FIXC0,12536542058,12540483001,,
CPU_CLK_UNHALTED_CORE,FIXC1,7119365444,7122549569,,
CPU_CLK_UNHALTED_REF,FIXC2,9268510008,9272957196,,
FP_ARITH_INST_RETIRED_256B_PACKED_SINGLE,PMC0,0,0,,
FP_ARITH_INST_RETIRED_256B_PACKED_DOUBLE,PMC1,0,0,,
TABLE,Group 4 Raw STAT,FLOPS_AVX,5,,
Event,Counter,Sum,Min,Max,Avg
INSTR_RETIRED_ANY STAT,FIXC0,25077025059,12536542058,12540483001,1.253851e+10
CPU_CLK_UNHALTED_CORE STAT,FIXC1,14241915013,7119365444,7122549569,7.120958e+09
CPU_CLK_UNHALTED_REF STAT,FIXC2,18541467204,9268510008,9272957196,9270733602
FP_ARITH_INST_RETIRED_256B_PACKED_SINGLE STAT,PMC0,0,0,0,0
FP_ARITH_INST_RETIRED_256B_PACKED_DOUBLE STAT,PMC1,0,0,0,0
TABLE,Group 4 Metric,FLOPS_AVX,6,,
Metric,Core 0,Core 6,,,
Runtime (RDTSC) [s],4.2987,4.2987,,,
Runtime unhalted [s],3.2244,3.2258,,,
Clock [MHz],1696.0001,1695.9449,,,
CPI,0.5679,0.5680,,,
Packed SP MFLOP/s,0,0,,,
Packed DP MFLOP/s,0,0,,,
TABLE,Group 4 Metric STAT,FLOPS_AVX,6,,
Metric,Sum,Min,Max,Avg,
Runtime (RDTSC) [s] STAT,8.5974,4.2987,4.2987,4.2987,
Runtime unhalted [s] STAT,6.4502,3.2244,3.2258,3.2251,
Clock [MHz] STAT,3391.9450,1695.9449,1696.0001,1695.9725,
CPI STAT,1.1359,0.5679,0.5680,0.5679,
Packed SP MFLOP/s STAT,0,0,0,0,
Packed DP MFLOP/s STAT,0,0,0,0,
STRUCT,Info,3,,,
CPU name:,Intel(R) Core(TM) i7-8750H CPU @ 2.20GHz,,,,
CPU type:,Intel Coffeelake processor,,,,
CPU clock:,2.207976773 GHz,,,,
TABLE,Group 5 Raw,L2CACHE,5,,
Event,Counter,Core 0,Core 6,,
INSTR_RETIRED_ANY,FIXC0,12533103624,12539687800,,
CPU_CLK_UNHALTED_CORE,FIXC1,7118304450,7121827915,,
CPU_CLK_UNHALTED_REF,FIXC2,9266953092,9271548124,,
L2_TRANS_ALL_REQUESTS,PMC0,921693,190381,,
L2_RQSTS_MISS,PMC1,25959,16684,,
TABLE,Group 5 Raw STAT,L2CACHE,5,,
Event,Counter,Sum,Min,Max,Avg
INSTR_RETIRED_ANY STAT,FIXC0,25072791424,12533103624,12539687800,12536395712
CPU_CLK_UNHALTED_CORE STAT,FIXC1,14240132365,7118304450,7121827915,7.120066e+09
CPU_CLK_UNHALTED_REF STAT,FIXC2,18538501216,9266953092,9271548124,9269250608
L2_TRANS_ALL_REQUESTS STAT,PMC0,1112074,190381,921693,556037
L2_RQSTS_MISS STAT,PMC1,42643,16684,25959,21321.5000
TABLE,Group 5 Metric,L2CACHE,7,,
Metric,Core 0,Core 6,,,
Runtime (RDTSC) [s],4.2988,4.2988,,,
Runtime unhalted [s],3.2239,3.2255,,,
Clock [MHz],1696.0322,1696.0307,,,
CPI,0.5680,0.5679,,,
L2 request rate,0.0001,1.518228e-05,,,
L2 miss rate,2.071235e-06,1.330496e-06,,,
L2 miss ratio,0.0282,0.0876,,,
TABLE,Group 5 Metric STAT,L2CACHE,7,,
Metric,Sum,Min,Max,Avg,
Runtime (RDTSC) [s] STAT,8.5976,4.2988,4.2988,4.2988,
Runtime unhalted [s] STAT,6.4494,3.2239,3.2255,3.2247,
Clock [MHz] STAT,3392.0629,1696.0307,1696.0322,1696.0314,
CPI STAT,1.1359,0.5679,0.5680,0.5679,
L2 request rate STAT,0.0001,1.518228e-05,0.0001,0.0001,
L2 miss rate STAT,3.401731e-06,1.330496e-06,2.071235e-06,1.700865e-06,
L2 miss ratio STAT,0.1158,0.0282,0.0876,0.0579,
STRUCT,Info,3,,,
CPU name:,Intel(R) Core(TM) i7-8750H CPU @ 2.20GHz,,,,
CPU type:,Intel Coffeelake processor,,,,
CPU clock:,2.207976773 GHz,,,,
TABLE,Group 6 Raw,CYCLE_ACTIVITY,7,,
Event,Counter,Core 0,Core 6,,
INSTR_RETIRED_ANY,FIXC0,12536183025,12545368892,,
CPU_CLK_UNHALTED_CORE,FIXC1,7119455268,7124564210,,
CPU_CLK_UNHALTED_REF,FIXC2,9268452048,9275117816,,
CYCLE_ACTIVITY_CYCLES_L2_PENDING,PMC0,60082,87375,,
CYCLE_ACTIVITY_CYCLES_LDM_PENDING,PMC1,7080430246,7084824657,,
CYCLE_ACTIVITY_CYCLES_L1D_PENDING,PMC2,164732,178745,,
CYCLE_ACTIVITY_CYCLES_NO_EXECUTE,PMC3,643128611,642094434,,
TABLE,Group 6 Raw STAT,CYCLE_ACTIVITY,7,,
Event,Counter,Sum,Min,Max,Avg
INSTR_RETIRED_ANY STAT,FIXC0,25081551917,12536183025,12545368892,1.254078e+10
CPU_CLK_UNHALTED_CORE STAT,FIXC1,14244019478,7119455268,7124564210,7122009739
CPU_CLK_UNHALTED_REF STAT,FIXC2,18543569864,9268452048,9275117816,9271784932
CYCLE_ACTIVITY_CYCLES_L2_PENDING STAT,PMC0,147457,60082,87375,73728.5000
CYCLE_ACTIVITY_CYCLES_LDM_PENDING STAT,PMC1,14165254903,7080430246,7084824657,7.082627e+09
CYCLE_ACTIVITY_CYCLES_L1D_PENDING STAT,PMC2,343477,164732,178745,171738.5000
CYCLE_ACTIVITY_CYCLES_NO_EXECUTE STAT,PMC3,1285223045,642094434,643128611,6.426115e+08
TABLE,Group 6 Metric,CYCLE_ACTIVITY,8,,
Metric,Core 0,Core 6,,,
Runtime (RDTSC) [s],4.2985,4.2985,,,
Runtime unhalted [s],3.2244,3.2267,,,
Clock [MHz],1696.0321,1696.0294,,,
CPI,0.5679,0.5679,,,
Cycles without execution [%],9.0334,9.0124,,,
Cycles without execution due to L1D [%],0.0023,0.0025,,,
Cycles without execution due to L2 [%],0.0008,0.0012,,,
Cycles without execution due to memory loads [%],99.4519,99.4422,,,
TABLE,Group 6 Metric STAT,CYCLE_ACTIVITY,8,,
Metric,Sum,Min,Max,Avg,
Runtime (RDTSC) [s] STAT,8.5970,4.2985,4.2985,4.2985,
Runtime unhalted [s] STAT,6.4511,3.2244,3.2267,3.2256,
Clock [MHz] STAT,3392.0615,1696.0294,1696.0321,1696.0307,
CPI STAT,1.1358,0.5679,0.5679,0.5679,
Cycles without execution [%] STAT,18.0458,9.0124,9.0334,9.0229,
Cycles without execution due to L1D [%] STAT,0.0048,0.0023,0.0025,0.0024,
Cycles without execution due to L2 [%] STAT,0.0020,0.0008,0.0012,0.0010,
Cycles without execution due to memory loads [%] STAT,198.8941,99.4422,99.4519,99.4470,
STRUCT,Info,3,,,
CPU name:,Intel(R) Core(TM) i7-8750H CPU @ 2.20GHz,,,,
CPU type:,Intel Coffeelake processor,,,,
CPU clock:,2.207976773 GHz,,,,
TABLE,Group 7 Raw,TLB_INSTR,5,,
Event,Counter,Core 0,Core 6,,
INSTR_RETIRED_ANY,FIXC0,12529746941,12536228955,,
CPU_CLK_UNHALTED_CORE,FIXC1,7116403223,7119842783,,
CPU_CLK_UNHALTED_REF,FIXC2,9264644076,9268966144,,
ITLB_MISSES_CAUSES_A_WALK,PMC0,546,8,,
ITLB_MISSES_WALK_ACTIVE,PMC1,32062,1578,,
TABLE,Group 7 Raw STAT,TLB_INSTR,5,,
Event,Counter,Sum,Min,Max,Avg
INSTR_RETIRED_ANY STAT,FIXC0,25065975896,12529746941,12536228955,12532987948
CPU_CLK_UNHALTED_CORE STAT,FIXC1,14236246006,7116403223,7119842783,7118123003
CPU_CLK_UNHALTED_REF STAT,FIXC2,18533610220,9264644076,9268966144,9266805110
ITLB_MISSES_CAUSES_A_WALK STAT,PMC0,554,8,546,277
ITLB_MISSES_WALK_ACTIVE STAT,PMC1,33640,1578,32062,16820
TABLE,Group 7 Metric,TLB_INSTR,7,,
Metric,Core 0,Core 6,,,
Runtime (RDTSC) [s],4.2976,4.2976,,,
Runtime unhalted [s],3.2230,3.2246,,,
Clock [MHz],1696.0018,1696.0303,,,
CPI,0.5680,0.5679,,,
L1 ITLB misses,546,8,,,
L1 ITLB miss rate,4.357630e-08,6.381504e-10,,,
L1 ITLB miss duration [Cyc],58.7216,197.2500,,,
TABLE,Group 7 Metric STAT,TLB_INSTR,7,,
Metric,Sum,Min,Max,Avg,
Runtime (RDTSC) [s] STAT,8.5952,4.2976,4.2976,4.2976,
Runtime unhalted [s] STAT,6.4476,3.2230,3.2246,3.2238,
Clock [MHz] STAT,3392.0321,1696.0018,1696.0303,1696.0160,
CPI STAT,1.1359,0.5679,0.5680,0.5679,
L1 ITLB misses STAT,554,8,546,277,
L1 ITLB miss rate STAT,4.421445e-08,6.381504e-10,4.357630e-08,2.210723e-08,
L1 ITLB miss duration [Cyc] STAT,255.9716,58.7216,197.2500,127.9858,
STRUCT,Info,3,,,
CPU name:,Intel(R) Core(TM) i7-8750H CPU @ 2.20GHz,,,,
CPU type:,Intel Coffeelake processor,,,,
CPU clock:,2.207976773 GHz,,,,
TABLE,Group 8 Raw,MEM,5,,
Event,Counter,Core 0,Core 6,,
INSTR_RETIRED_ANY,FIXC0,12530185895,12536300713,,
CPU_CLK_UNHALTED_CORE,FIXC1,7116542416,7120035216,,
CPU_CLK_UNHALTED_REF,FIXC2,9264661648,9269217304,,
DRAM_READS,MBOX0C1,682192,0,,
DRAM_WRITES,MBOX0C2,129775,0,,
TABLE,Group 8 Raw STAT,MEM,5,,
Event,Counter,Sum,Min,Max,Avg
INSTR_RETIRED_ANY STAT,FIXC0,25066486608,12530185895,12536300713,12533243304
CPU_CLK_UNHALTED_CORE STAT,FIXC1,14236577632,7116542416,7120035216,7118288816
CPU_CLK_UNHALTED_REF STAT,FIXC2,18533878952,9264661648,9269217304,9266939476
DRAM_READS STAT,MBOX0C1,682192,0,682192,341096
DRAM_WRITES STAT,MBOX0C2,129775,0,129775,64887.5000
TABLE,Group 8 Metric,MEM,10,,
Metric,Core 0,Core 6,,,
Runtime (RDTSC) [s],4.2985,4.2985,,,
Runtime unhalted [s],3.2231,3.2247,,,
Clock [MHz],1696.0318,1696.0302,,,
CPI,0.5680,0.5680,,,
Memory load bandwidth [MBytes/s],10.1572,0,,,
Memory load data volume [GBytes],0.0437,0,,,
Memory evict bandwidth [MBytes/s],1.9322,0,,,
Memory evict data volume [GBytes],0.0083,0,,,
Memory bandwidth [MBytes/s],12.0894,0,,,
Memory data volume [GBytes],0.0520,0,,,
TABLE,Group 8 Metric STAT,MEM,10,,
Metric,Sum,Min,Max,Avg,
Runtime (RDTSC) [s] STAT,8.5970,4.2985,4.2985,4.2985,
Runtime unhalted [s] STAT,6.4478,3.2231,3.2247,3.2239,
Clock [MHz] STAT,3392.0620,1696.0302,1696.0318,1696.0310,
CPI STAT,1.1360,0.5680,0.5680,0.5680,
Memory load bandwidth [MBytes/s] STAT,10.1572,0,10.1572,5.0786,
Memory load data volume [GBytes] STAT,0.0437,0,0.0437,0.0219,
Memory evict bandwidth [MBytes/s] STAT,1.9322,0,1.9322,0.9661,
Memory evict data volume [GBytes] STAT,0.0083,0,0.0083,0.0042,
Memory bandwidth [MBytes/s] STAT,12.0894,0,12.0894,6.0447,
Memory data volume [GBytes] STAT,0.0520,0,0.0520,0.0260,
STRUCT,Info,3,,,
CPU name:,Intel(R) Core(TM) i7-8750H CPU @ 2.20GHz,,,,
CPU type:,Intel Coffeelake processor,,,,
CPU clock:,2.207976773 GHz,,,,
TABLE,Group 9 Raw,MEM_DP,10,,
Event,Counter,Core 0,Core 6,,
INSTR_RETIRED_ANY,FIXC0,12537642436,12553632204,,
CPU_CLK_UNHALTED_CORE,FIXC1,7120479305,7128953844,,
CPU_CLK_UNHALTED_REF,FIXC2,9269784852,9280827336,,
PWR_PKG_ENERGY,PWR0,62.7006,0,,
PWR_DRAM_ENERGY,PWR3,2.4227,0,,
FP_ARITH_INST_RETIRED_128B_PACKED_DOUBLE,PMC0,0,0,,
FP_ARITH_INST_RETIRED_SCALAR_DOUBLE,PMC1,0,0,,
FP_ARITH_INST_RETIRED_256B_PACKED_DOUBLE,PMC2,0,0,,
DRAM_READS,MBOX0C1,1509783,0,,
DRAM_WRITES,MBOX0C2,236070,0,,
TABLE,Group 9 Raw STAT,MEM_DP,10,,
Event,Counter,Sum,Min,Max,Avg
INSTR_RETIRED_ANY STAT,FIXC0,25091274640,12537642436,12553632204,12545637320
CPU_CLK_UNHALTED_CORE STAT,FIXC1,14249433149,7120479305,7128953844,7.124717e+09
CPU_CLK_UNHALTED_REF STAT,FIXC2,18550612188,9269784852,9280827336,9275306094
PWR_PKG_ENERGY STAT,PWR0,62.7006,0,62.7006,31.3503
PWR_DRAM_ENERGY STAT,PWR3,2.4227,0,2.4227,1.2113
FP_ARITH_INST_RETIRED_128B_PACKED_DOUBLE STAT,PMC0,0,0,0,0
FP_ARITH_INST_RETIRED_SCALAR_DOUBLE STAT,PMC1,0,0,0,0
FP_ARITH_INST_RETIRED_256B_PACKED_DOUBLE STAT,PMC2,0,0,0,0
DRAM_READS STAT,MBOX0C1,1509783,0,1509783,754891.5000
DRAM_WRITES STAT,MBOX0C2,236070,0,236070,118035
TABLE,Group 9 Metric,MEM_DP,19,,
Metric,Core 0,Core 6,,,
Runtime (RDTSC) [s],4.2996,4.2996,,,
Runtime unhalted [s],3.2249,3.2287,,,
Clock [MHz],1696.0321,1696.0303,,,
CPI,0.5679,0.5679,,,
Energy [J],62.7006,0,,,
Power [W],14.5830,0,,,
Energy DRAM [J],2.4227,0,,,
Power DRAM [W],0.5635,0,,,
DP MFLOP/s,0,0,,,
AVX DP MFLOP/s,0,0,,,
Packed MUOPS/s,0,0,,,
Scalar MUOPS/s,0,0,,,
Memory load bandwidth [MBytes/s],22.4735,0,,,
Memory load data volume [GBytes],0.0966,0,,,
Memory evict bandwidth [MBytes/s],3.5140,0,,,
Memory evict data volume [GBytes],0.0151,0,,,
Memory bandwidth [MBytes/s],25.9875,0,,,
Memory data volume [GBytes],0.1117,0,,,
Operational intensity,0,0,,,
TABLE,Group 9 Metric STAT,MEM_DP,19,,
Metric,Sum,Min,Max,Avg,
Runtime (RDTSC) [s] STAT,8.5992,4.2996,4.2996,4.2996,
Runtime unhalted [s] STAT,6.4536,3.2249,3.2287,3.2268,
Clock [MHz] STAT,3392.0624,1696.0303,1696.0321,1696.0312,
CPI STAT,1.1358,0.5679,0.5679,0.5679,
Energy [J] STAT,62.7006,0,62.7006,31.3503,
Power [W] STAT,14.5830,0,14.5830,7.2915,
Energy DRAM [J] STAT,2.4227,0,2.4227,1.2113,
Power DRAM [W] STAT,0.5635,0,0.5635,0.2818,
DP MFLOP/s STAT,0,0,0,0,
AVX DP MFLOP/s STAT,0,0,0,0,
Packed MUOPS/s STAT,0,0,0,0,
Scalar MUOPS/s STAT,0,0,0,0,
Memory load bandwidth [MBytes/s] STAT,22.4735,0,22.4735,11.2368,
Memory load data volume [GBytes] STAT,0.0966,0,0.0966,0.0483,
Memory evict bandwidth [MBytes/s] STAT,3.5140,0,3.5140,1.7570,
Memory evict data volume [GBytes] STAT,0.0151,0,0.0151,0.0076,
Memory bandwidth [MBytes/s] STAT,25.9875,0,25.9875,12.9938,
Memory data volume [GBytes] STAT,0.1117,0,0.1117,0.0558,
Operational intensity STAT,0,0,0,0,
STRUCT,Info,3,,,
CPU name:,Intel(R) Core(TM) i7-8750H CPU @ 2.20GHz,,,,
CPU type:,Intel Coffeelake processor,,,,
CPU clock:,2.207976773 GHz,,,,
TABLE,Group 10 Raw,FLOPS_DP,6,,
Event,Counter,Core 0,Core 6,,
INSTR_RETIRED_ANY,FIXC0,12531498426,12538881940,,
CPU_CLK_UNHALTED_CORE,FIXC1,7117807499,7121119277,,
CPU_CLK_UNHALTED_REF,FIXC2,9267534624,9270686452,,
FP_ARITH_INST_RETIRED_128B_PACKED_DOUBLE,PMC0,0,0,,
FP_ARITH_INST_RETIRED_SCALAR_DOUBLE,PMC1,12,0,,
FP_ARITH_INST_RETIRED_256B_PACKED_DOUBLE,PMC2,0,0,,
TABLE,Group 10 Raw STAT,FLOPS_DP,6,,
Event,Counter,Sum,Min,Max,Avg
INSTR_RETIRED_ANY STAT,FIXC0,25070380366,12531498426,12538881940,12535190183
CPU_CLK_UNHALTED_CORE STAT,FIXC1,14238926776,7117807499,7121119277,7119463388
CPU_CLK_UNHALTED_REF STAT,FIXC2,18538221076,9267534624,9270686452,9269110538
FP_ARITH_INST_RETIRED_128B_PACKED_DOUBLE STAT,PMC0,0,0,0,0
FP_ARITH_INST_RETIRED_SCALAR_DOUBLE STAT,PMC1,12,0,12,6
FP_ARITH_INST_RETIRED_256B_PACKED_DOUBLE STAT,PMC2,0,0,0,0
TABLE,Group 10 Metric,FLOPS_DP,9,,
Metric,Core 0,Core 6,,,
Runtime (RDTSC) [s],4.2970,4.2970,,,
Runtime unhalted [s],3.2237,3.2252,,,
Clock [MHz],1695.8074,1696.0196,,,
CPI,0.5680,0.5679,,,
DP MFLOP/s,2.792641e-06,0,,,
AVX DP MFLOP/s,0,0,,,
Packed MUOPS/s,0,0,,,
Scalar MUOPS/s,2.792641e-06,0,,,
Vectorization ratio,0,-,,,
TABLE,Group 10 Metric STAT,FLOPS_DP,9,,
Metric,Sum,Min,Max,Avg,
Runtime (RDTSC) [s] STAT,8.5940,4.2970,4.2970,4.2970,
Runtime unhalted [s] STAT,6.4489,3.2237,3.2252,3.2245,
Clock [MHz] STAT,3391.8270,1695.8074,1696.0196,1695.9135,
CPI STAT,1.1359,0.5679,0.5680,0.5679,
DP MFLOP/s STAT,2.792641e-06,0,2.792641e-06,1.396320e-06,
AVX DP MFLOP/s STAT,0,0,0,0,
Packed MUOPS/s STAT,0,0,0,0,
Scalar MUOPS/s STAT,2.792641e-06,0,2.792641e-06,1.396320e-06,
Vectorization ratio STAT,0,0,0,0,
STRUCT,Info,3,,,
CPU name:,Intel(R) Core(TM) i7-8750H CPU @ 2.20GHz,,,,
CPU type:,Intel Coffeelake processor,,,,
CPU clock:,2.207976773 GHz,,,,
TABLE,Group 11 Raw,UOPS,6,,
Event,Counter,Core 0,Core 6,,
INSTR_RETIRED_ANY,FIXC0,12568693649,12540909208,,
CPU_CLK_UNHALTED_CORE,FIXC1,7265067798,7122521880,,
CPU_CLK_UNHALTED_REF,FIXC2,9462710968,9272454048,,
UOPS_ISSUED_ANY,PMC0,11806183647,11763913395,,
UOPS_EXECUTED_THREAD,PMC1,15087314855,15052968198,,
UOPS_RETIRED_ALL,PMC2,15100311600,15062647349,,
TABLE,Group 11 Raw STAT,UOPS,6,,
Event,Counter,Sum,Min,Max,Avg
INSTR_RETIRED_ANY STAT,FIXC0,25109602857,12540909208,12568693649,1.255480e+10
CPU_CLK_UNHALTED_CORE STAT,FIXC1,14387589678,7122521880,7265067798,7193794839
CPU_CLK_UNHALTED_REF STAT,FIXC2,18735165016,9272454048,9462710968,9367582508
UOPS_ISSUED_ANY STAT,PMC0,23570097042,11763913395,11806183647,11785048521
UOPS_EXECUTED_THREAD STAT,PMC1,30140283053,15052968198,15087314855,1.507014e+10
UOPS_RETIRED_ALL STAT,PMC2,30162958949,15062647349,15100311600,1.508148e+10
TABLE,Group 11 Metric,UOPS,7,,
Metric,Core 0,Core 6,,,
Runtime (RDTSC) [s],4.2981,4.2981,,,
Runtime unhalted [s],3.2904,3.2258,,,
Clock [MHz],1695.1908,1696.0303,,,
CPI,0.5780,0.5679,,,
Issued UOPs,11806183647,11763913395,,,
Executed UOPs,15087314855,15052968198,,,
Retired UOPs,15100311600,15062647349,,,
TABLE,Group 11 Metric STAT,UOPS,7,,
Metric,Sum,Min,Max,Avg,
Runtime (RDTSC) [s] STAT,8.5962,4.2981,4.2981,4.2981,
Runtime unhalted [s] STAT,6.5162,3.2258,3.2904,3.2581,
Clock [MHz] STAT,3391.2211,1695.1908,1696.0303,1695.6105,
CPI STAT,1.1459,0.5679,0.5780,0.5729,
Issued UOPs STAT,23570097042,11763913395,11806183647,11785048521,
Executed UOPs STAT,30140283053,15052968198,15087314855,1.507014e+10,
Retired UOPs STAT,30162958949,15062647349,15100311600,1.508148e+10,
STRUCT,Info,3,,,
CPU name:,Intel(R) Core(TM) i7-8750H CPU @ 2.20GHz,,,,
CPU type:,Intel Coffeelake processor,,,,
CPU clock:,2.207976773 GHz,,,,
TABLE,Group 12 Raw,TLB_DATA,7,,
Event,Counter,Core 0,Core 6,,
INSTR_RETIRED_ANY,FIXC0,12822312593,12831699532,,
CPU_CLK_UNHALTED_CORE,FIXC1,7287729660,7287183399,,
CPU_CLK_UNHALTED_REF,FIXC2,9487521988,9486818832,,
DTLB_LOAD_MISSES_CAUSES_A_WALK,PMC0,15,26,,
DTLB_STORE_MISSES_CAUSES_A_WALK,PMC1,6,3,,
DTLB_LOAD_MISSES_WALK_ACTIVE,PMC2,566,1104,,
DTLB_STORE_MISSES_WALK_ACTIVE,PMC3,189,102,,
TABLE,Group 12 Raw STAT,TLB_DATA,7,,
Event,Counter,Sum,Min,Max,Avg
INSTR_RETIRED_ANY STAT,FIXC0,25654012125,12822312593,12831699532,1.282701e+10
CPU_CLK_UNHALTED_CORE STAT,FIXC1,14574913059,7287183399,7287729660,7.287457e+09
CPU_CLK_UNHALTED_REF STAT,FIXC2,18974340820,9486818832,9487521988,9487170410
DTLB_LOAD_MISSES_CAUSES_A_WALK STAT,PMC0,41,15,26,20.5000
DTLB_STORE_MISSES_CAUSES_A_WALK STAT,PMC1,9,3,6,4.5000
DTLB_LOAD_MISSES_WALK_ACTIVE STAT,PMC2,1670,566,1104,835
DTLB_STORE_MISSES_WALK_ACTIVE STAT,PMC3,291,102,189,145.5000
TABLE,Group 12 Metric,TLB_DATA,10,,
Metric,Core 0,Core 6,,,
Runtime (RDTSC) [s],4.2982,4.2982,,,
Runtime unhalted [s],3.3006,3.3004,,,
Clock [MHz],1696.0317,1696.0302,,,
CPI,0.5684,0.5679,,,
L1 DTLB load misses,15,26,,,
L1 DTLB load miss rate,1.169836e-09,2.026232e-09,,,
L1 DTLB load miss duration [Cyc],37.7333,42.4615,,,
L1 DTLB store misses,6,3,,,
L1 DTLB store miss rate,4.679343e-10,2.337960e-10,,,
L1 DTLB store miss duration [Cyc],31.5000,34,,,
TABLE,Group 12 Metric STAT,TLB_DATA,10,,
Metric,Sum,Min,Max,Avg,
Runtime (RDTSC) [s] STAT,8.5964,4.2982,4.2982,4.2982,
Runtime unhalted [s] STAT,6.6010,3.3004,3.3006,3.3005,
Clock [MHz] STAT,3392.0619,1696.0302,1696.0317,1696.0309,
CPI STAT,1.1363,0.5679,0.5684,0.5681,
L1 DTLB load misses STAT,41,15,26,20.5000,
L1 DTLB load miss rate STAT,3.196068e-09,1.169836e-09,2.026232e-09,1.598034e-09,
L1 DTLB load miss duration [Cyc] STAT,80.1948,37.7333,42.4615,40.0974,
L1 DTLB store misses STAT,9,3,6,4.5000,
L1 DTLB store miss rate STAT,7.017303e-10,2.337960e-10,4.679343e-10,3.508651e-10,
L1 DTLB store miss duration [Cyc] STAT,65.5000,31.5000,34,32.7500,
STRUCT,Info,3,,,
CPU name:,Intel(R) Core(TM) i7-8750H CPU @ 2.20GHz,,,,
CPU type:,Intel Coffeelake processor,,,,
CPU clock:,2.207976773 GHz,,,,
TABLE,Group 13 Raw,CLOCK,6,,
Event,Counter,Core 0,Core 6,,
INSTR_RETIRED_ANY,FIXC0,12825061941,12841278566,,
CPU_CLK_UNHALTED_CORE,FIXC1,7284028148,7292531895,,
CPU_CLK_UNHALTED_REF,FIXC2,9482701096,9493781944,,
PWR_PKG_ENERGY,PWR0,62.7706,0,,
PWR_DRAM_ENERGY,PWR3,2.4074,0,,
UNCORE_CLOCK,UBOXFIX,0,0,,
TABLE,Group 13 Raw STAT,CLOCK,6,,
Event,Counter,Sum,Min,Max,Avg
INSTR_RETIRED_ANY STAT,FIXC0,25666340507,12825061941,12841278566,1.283317e+10
CPU_CLK_UNHALTED_CORE STAT,FIXC1,14576560043,7284028148,7292531895,7.288280e+09
CPU_CLK_UNHALTED_REF STAT,FIXC2,18976483040,9482701096,9493781944,9488241520
PWR_PKG_ENERGY STAT,PWR0,62.7706,0,62.7706,31.3853
PWR_DRAM_ENERGY STAT,PWR3,2.4074,0,2.4074,1.2037
UNCORE_CLOCK STAT,UBOXFIX,0,0,0,0
TABLE,Group 13 Metric,CLOCK,9,,
Metric,Core 0,Core 6,,,
Runtime (RDTSC) [s],4.2978,4.2978,,,
Runtime unhalted [s],3.2990,3.3028,,,
Clock [MHz],1696.0320,1696.0302,,,
Uncore Clock [MHz],0,0,,,
CPI,0.5680,0.5679,,,
Energy [J],62.7706,0,,,
Power [W],14.6053,0,,,
Energy DRAM [J],2.4074,0,,,
Power DRAM [W],0.5602,0,,,
TABLE,Group 13 Metric STAT,CLOCK,9,,
Metric,Sum,Min,Max,Avg,
Runtime (RDTSC) [s] STAT,8.5956,4.2978,4.2978,4.2978,
Runtime unhalted [s] STAT,6.6018,3.2990,3.3028,3.3009,
Clock [MHz] STAT,3392.0622,1696.0302,1696.0320,1696.0311,
Uncore Clock [MHz] STAT,0,0,0,0,
CPI STAT,1.1359,0.5679,0.5680,0.5679,
Energy [J] STAT,62.7706,0,62.7706,31.3853,
Power [W] STAT,14.6053,0,14.6053,7.3026,
Energy DRAM [J] STAT,2.4074,0,2.4074,1.2037,
Power DRAM [W] STAT,0.5602,0,0.5602,0.2801,
STRUCT,Info,3,,,
CPU name:,Intel(R) Core(TM) i7-8750H CPU @ 2.20GHz,,,,
CPU type:,Intel Coffeelake processor,,,,
CPU clock:,2.207976773 GHz,,,,
TABLE,Group 14 Raw,L2,6,,
Event,Counter,Core 0,Core 6,,
INSTR_RETIRED_ANY,FIXC0,12833230793,12841402109,,
CPU_CLK_UNHALTED_CORE,FIXC1,7288270371,7292889206,,
CPU_CLK_UNHALTED_REF,FIXC2,9488223212,9494246176,,
L1D_REPLACEMENT,PMC0,81961,87011,,
L1D_M_EVICT,PMC1,27945,28406,,
ICACHE_64B_IFTAG_MISS,PMC2,982,1191,,
TABLE,Group 14 Raw STAT,L2,6,,
Event,Counter,Sum,Min,Max,Avg
INSTR_RETIRED_ANY STAT,FIXC0,25674632902,12833230793,12841402109,12837316451
CPU_CLK_UNHALTED_CORE STAT,FIXC1,14581159577,7288270371,7292889206,7.290580e+09
CPU_CLK_UNHALTED_REF STAT,FIXC2,18982469388,9488223212,9494246176,9491234694
L1D_REPLACEMENT STAT,PMC0,168972,81961,87011,84486
L1D_M_EVICT STAT,PMC1,56351,27945,28406,28175.5000
ICACHE_64B_IFTAG_MISS STAT,PMC2,2173,982,1191,1086.5000
TABLE,Group 14 Metric,L2,10,,
Metric,Core 0,Core 6,,,
Runtime (RDTSC) [s],4.2989,4.2989,,,
Runtime unhalted [s],3.3009,3.3030,,,
Clock [MHz],1696.0322,1696.0304,,,
CPI,0.5679,0.5679,,,
L2D load bandwidth [MBytes/s],1.2202,1.2954,,,
L2D load data volume [GBytes],0.0052,0.0056,,,
L2D evict bandwidth [MBytes/s],0.4160,0.4229,,,
L2D evict data volume [GBytes],0.0018,0.0018,,,
L2 bandwidth [MBytes/s],1.6509,1.7360,,,
L2 data volume [GBytes],0.0071,0.0075,,,
TABLE,Group 14 Metric STAT,L2,10,,
Metric,Sum,Min,Max,Avg,
Runtime (RDTSC) [s] STAT,8.5978,4.2989,4.2989,4.2989,
Runtime unhalted [s] STAT,6.6039,3.3009,3.3030,3.3019,
Clock [MHz] STAT,3392.0626,1696.0304,1696.0322,1696.0313,
CPI STAT,1.1358,0.5679,0.5679,0.5679,
L2D load bandwidth [MBytes/s] STAT,2.5156,1.2202,1.2954,1.2578,
L2D load data volume [GBytes] STAT,0.0108,0.0052,0.0056,0.0054,
L2D evict bandwidth [MBytes/s] STAT,0.8389,0.4160,0.4229,0.4194,
L2D evict data volume [GBytes] STAT,0.0036,0.0018,0.0018,0.0018,
L2 bandwidth [MBytes/s] STAT,3.3869,1.6509,1.7360,1.6934,
L2 data volume [GBytes] STAT,0.0146,0.0071,0.0075,0.0073,
STRUCT,Info,3,,,
CPU name:,Intel(R) Core(TM) i7-8750H CPU @ 2.20GHz,,,,
CPU type:,Intel Coffeelake processor,,,,
CPU clock:,2.207976773 GHz,,,,
TABLE,Group 15 Raw,MEM_SP,10,,
Event,Counter,Core 0,Core 6,,
INSTR_RETIRED_ANY,FIXC0,12703834503,12656929318,,
CPU_CLK_UNHALTED_CORE,FIXC1,7203425263,7211943132,,
CPU_CLK_UNHALTED_REF,FIXC2,9377769208,9388866156,,
PWR_PKG_ENERGY,PWR0,62.1043,0,,
PWR_DRAM_ENERGY,PWR3,2.3828,0,,
FP_ARITH_INST_RETIRED_128B_PACKED_SINGLE,PMC0,0,0,,
FP_ARITH_INST_RETIRED_SCALAR_SINGLE,PMC1,6721572030,6695755480,,
FP_ARITH_INST_RETIRED_256B_PACKED_SINGLE,PMC2,0,0,,
DRAM_READS,MBOX0C1,842292,0,,
DRAM_WRITES,MBOX0C2,135352,0,,
TABLE,Group 15 Raw STAT,MEM_SP,10,,
Event,Counter,Sum,Min,Max,Avg
INSTR_RETIRED_ANY STAT,FIXC0,25360763821,12656929318,12703834503,1.268038e+10
CPU_CLK_UNHALTED_CORE STAT,FIXC1,14415368395,7203425263,7211943132,7.207684e+09
CPU_CLK_UNHALTED_REF STAT,FIXC2,18766635364,9377769208,9388866156,9383317682
PWR_PKG_ENERGY STAT,PWR0,62.1043,0,62.1043,31.0522
PWR_DRAM_ENERGY STAT,PWR3,2.3828,0,2.3828,1.1914
FP_ARITH_INST_RETIRED_128B_PACKED_SINGLE STAT,PMC0,0,0,0,0
FP_ARITH_INST_RETIRED_SCALAR_SINGLE STAT,PMC1,13417327510,6695755480,6721572030,6708663755
FP_ARITH_INST_RETIRED_256B_PACKED_SINGLE STAT,PMC2,0,0,0,0
DRAM_READS STAT,MBOX0C1,842292,0,842292,421146
DRAM_WRITES STAT,MBOX0C2,135352,0,135352,67676
TABLE,Group 15 Metric,MEM_SP,19,,
Metric,Core 0,Core 6,,,
Runtime (RDTSC) [s],4.2500,4.2500,,,
Runtime unhalted [s],3.2625,3.2663,,,
Clock [MHz],1696.0319,1696.0305,,,
CPI,0.5670,0.5698,,,
Energy [J],62.1043,0,,,
Power [W],14.6128,0,,,
Energy DRAM [J],2.3828,0,,,
Power DRAM [W],0.5607,0,,,
SP MFLOP/s,1581.5453,1575.4708,,,
AVX SP MFLOP/s,0,0,,,
Packed MUOPS/s,0,0,,,
Scalar MUOPS/s,1581.5453,1575.4708,,,
Memory load bandwidth [MBytes/s],12.6839,0,,,
Memory load data volume [GBytes],0.0539,0,,,
Memory evict bandwidth [MBytes/s],2.0382,0,,,
Memory evict data volume [GBytes],0.0087,0,,,
Memory bandwidth [MBytes/s],14.7222,0,,,
Memory data volume [GBytes],0.0626,0,,,
Operational intensity,107.4262,107.0136,,,
TABLE,Group 15 Metric STAT,MEM_SP,19,,
Metric,Sum,Min,Max,Avg,
Runtime (RDTSC) [s] STAT,8.5000,4.2500,4.2500,4.2500,
Runtime unhalted [s] STAT,6.5288,3.2625,3.2663,3.2644,
Clock [MHz] STAT,3392.0624,1696.0305,1696.0319,1696.0312,
CPI STAT,1.1368,0.5670,0.5698,0.5684,
Energy [J] STAT,62.1043,0,62.1043,31.0522,
Power [W] STAT,14.6128,0,14.6128,7.3064,
Energy DRAM [J] STAT,2.3828,0,2.3828,1.1914,
Power DRAM [W] STAT,0.5607,0,0.5607,0.2803,
SP MFLOP/s STAT,3157.0161,1575.4708,1581.5453,1578.5080,
AVX SP MFLOP/s STAT,0,0,0,0,
Packed MUOPS/s STAT,0,0,0,0,
Scalar MUOPS/s STAT,3157.0161,1575.4708,1581.5453,1578.5080,
Memory load bandwidth [MBytes/s] STAT,12.6839,0,12.6839,6.3419,
Memory load data volume [GBytes] STAT,0.0539,0,0.0539,0.0270,
Memory evict bandwidth [MBytes/s] STAT,2.0382,0,2.0382,1.0191,
Memory evict data volume [GBytes] STAT,0.0087,0,0.0087,0.0043,
Memory bandwidth [MBytes/s] STAT,14.7222,0,14.7222,7.3611,
Memory data volume [GBytes] STAT,0.0626,0,0.0626,0.0313,
Operational intensity STAT,214.4398,107.0136,107.4262,107.2199,
STRUCT,Info,3,,,
CPU name:,Intel(R) Core(TM) i7-8750H CPU @ 2.20GHz,,,,
CPU type:,Intel Coffeelake processor,,,,
CPU clock:,2.207976773 GHz,,,,
TABLE,Group 16 Raw,ENERGY,8,,
Event,Counter,Core 0,Core 6,,
INSTR_RETIRED_ANY,FIXC0,12527478457,12546054878,,
CPU_CLK_UNHALTED_CORE,FIXC1,7114945484,7124609501,,
CPU_CLK_UNHALTED_REF,FIXC2,9262579412,9275172372,,
TEMP_CORE,TMP0,204,204,,
PWR_PKG_ENERGY,PWR0,61.3140,0,,
PWR_PP0_ENERGY,PWR1,13.3564,0,,
PWR_PP1_ENERGY,PWR2,0,0,,
PWR_DRAM_ENERGY,PWR3,2.3514,0,,
TABLE,Group 16 Raw STAT,ENERGY,8,,
Event,Counter,Sum,Min,Max,Avg
INSTR_RETIRED_ANY STAT,FIXC0,25073533335,12527478457,12546054878,1.253677e+10
CPU_CLK_UNHALTED_CORE STAT,FIXC1,14239554985,7114945484,7124609501,7.119777e+09
CPU_CLK_UNHALTED_REF STAT,FIXC2,18537751784,9262579412,9275172372,9268875892
TEMP_CORE STAT,TMP0,408,204,204,204
PWR_PKG_ENERGY STAT,PWR0,61.3140,0,61.3140,30.6570
PWR_PP0_ENERGY STAT,PWR1,13.3564,0,13.3564,6.6782
PWR_PP1_ENERGY STAT,PWR2,0,0,0,0
PWR_DRAM_ENERGY STAT,PWR3,2.3514,0,2.3514,1.1757
TABLE,Group 16 Metric,ENERGY,13,,
Metric,Core 0,Core 6,,,
Runtime (RDTSC) [s],4.1976,4.1976,,,
Runtime unhalted [s],3.2224,3.2268,,,
Clock [MHz],1696.0324,1696.0302,,,
CPI,0.5679,0.5679,,,
Temperature [C],204,204,,,
Energy [J],61.3140,0,,,
Power [W],14.6068,0,,,
Energy PP0 [J],13.3564,0,,,
Power PP0 [W],3.1819,0,,,
Energy PP1 [J],0,0,,,
Power PP1 [W],0,0,,,
Energy DRAM [J],2.3514,0,,,
Power DRAM [W],0.5602,0,,,
TABLE,Group 16 Metric STAT,ENERGY,13,,
Metric,Sum,Min,Max,Avg,
Runtime (RDTSC) [s] STAT,8.3952,4.1976,4.1976,4.1976,
Runtime unhalted [s] STAT,6.4492,3.2224,3.2268,3.2246,
Clock [MHz] STAT,3392.0626,1696.0302,1696.0324,1696.0313,
CPI STAT,1.1358,0.5679,0.5679,0.5679,
Temperature [C] STAT,408,204,204,204,
Energy [J] STAT,61.3140,0,61.3140,30.6570,
Power [W] STAT,14.6068,0,14.6068,7.3034,
Energy PP0 [J] STAT,13.3564,0,13.3564,6.6782,
Power PP0 [W] STAT,3.1819,0,3.1819,1.5910,
Energy PP1 [J] STAT,0,0,0,0,
Power PP1 [W] STAT,0,0,0,0,
Energy DRAM [J] STAT,2.3514,0,2.3514,1.1757,
Power DRAM [W] STAT,0.5602,0,0.5602,0.2801,
STRUCT,Info,3,,,
CPU name:,Intel(R) Core(TM) i7-8750H CPU @ 2.20GHz,,,,
CPU type:,Intel Coffeelake processor,,,,
CPU clock:,2.207976773 GHz,,,,
TABLE,Group 17 Raw,ICACHE,6,,
Event,Counter,Core 0,Core 6,,
INSTR_RETIRED_ANY,FIXC0,12532008073,12540275470,,
CPU_CLK_UNHALTED_CORE,FIXC1,7117201471,7121881491,,
CPU_CLK_UNHALTED_REF,FIXC2,9265517616,9271621448,,
ICACHE_64B_IFTAG_ALL,PMC0,1726193579,1727195059,,
ICACHE_64B_IFTAG_MISS,PMC1,884,1038,,
ICACHE_64B_IFTAG_STALL,PMC2,26860,21554,,
TABLE,Group 17 Raw STAT,ICACHE,6,,
Event,Counter,Sum,Min,Max,Avg
INSTR_RETIRED_ANY STAT,FIXC0,25072283543,12532008073,12540275470,1.253614e+10
CPU_CLK_UNHALTED_CORE STAT,FIXC1,14239082962,7117201471,7121881491,7119541481
CPU_CLK_UNHALTED_REF STAT,FIXC2,18537139064,9265517616,9271621448,9268569532
ICACHE_64B_IFTAG_ALL STAT,PMC0,3453388638,1726193579,1727195059,1726694319
ICACHE_64B_IFTAG_MISS STAT,PMC1,1922,884,1038,961
ICACHE_64B_IFTAG_STALL STAT,PMC2,48414,21554,26860,24207
TABLE,Group 17 Metric,ICACHE,9,,
Metric,Core 0,Core 6,,,
Runtime (RDTSC) [s],4.1980,4.1980,,,
Runtime unhalted [s],3.2234,3.2255,,,
Clock [MHz],1696.0321,1696.0301,,,
CPI,0.5679,0.5679,,,
L1I request rate,0.1377,0.1377,,,
L1I miss rate,7.053937e-08,8.277330e-08,,,
L1I miss ratio,5.121094e-07,6.009744e-07,,,
L1I stalls,26860,21554,,,
L1I stall rate,2.143312e-06,1.718782e-06,,,
TABLE,Group 17 Metric STAT,ICACHE,9,,
Metric,Sum,Min,Max,Avg,
Runtime (RDTSC) [s] STAT,8.3960,4.1980,4.1980,4.1980,
Runtime unhalted [s] STAT,6.4489,3.2234,3.2255,3.2245,
Clock [MHz] STAT,3392.0622,1696.0301,1696.0321,1696.0311,
CPI STAT,1.1358,0.5679,0.5679,0.5679,
L1I request rate STAT,0.2754,0.1377,0.1377,0.1377,
L1I miss rate STAT,1.533127e-07,7.053937e-08,8.277330e-08,7.665633e-08,
L1I miss ratio STAT,1.113084e-06,5.121094e-07,6.009744e-07,5.565419e-07,
L1I stalls STAT,48414,21554,26860,24207,
L1I stall rate STAT,3.862094e-06,1.718782e-06,2.143312e-06,1.931047e-06,
STRUCT,Info,3,,,
CPU name:,Intel(R) Core(TM) i7-8750H CPU @ 2.20GHz,,,,
CPU type:,Intel Coffeelake processor,,,,
CPU clock:,2.207976773 GHz,,,,
TABLE,Group 18 Raw,BRANCH,5,,
Event,Counter,Core 0,Core 6,,
INSTR_RETIRED_ANY,FIXC0,12531300673,12537992346,,
CPU_CLK_UNHALTED_CORE,FIXC1,7116944563,7120758299,,
CPU_CLK_UNHALTED_REF,FIXC2,9265182368,9270159292,,
BR_INST_RETIRED_ALL_BRANCHES,PMC0,838736355,839184248,,
BR_MISP_RETIRED_ALL_BRANCHES,PMC1,3315534,3317298,,
TABLE,Group 18 Raw STAT,BRANCH,5,,
Event,Counter,Sum,Min,Max,Avg
INSTR_RETIRED_ANY STAT,FIXC0,25069293019,12531300673,12537992346,1.253465e+10
CPU_CLK_UNHALTED_CORE STAT,FIXC1,14237702862,7116944563,7120758299,7118851431
CPU_CLK_UNHALTED_REF STAT,FIXC2,18535341660,9265182368,9270159292,9267670830
BR_INST_RETIRED_ALL_BRANCHES STAT,PMC0,1677920603,838736355,839184248,8.389603e+08
BR_MISP_RETIRED_ALL_BRANCHES STAT,PMC1,6632832,3315534,3317298,3316416
TABLE,Group 18 Metric,BRANCH,8,,
Metric,Core 0,Core 6,,,
Runtime (RDTSC) [s],4.1982,4.1982,,,
Runtime unhalted [s],3.2233,3.2250,,,
Clock [MHz],1696.0323,1696.0301,,,
CPI,0.5679,0.5679,,,
Branch rate,0.0669,0.0669,,,
Branch misprediction rate,0.0003,0.0003,,,
Branch misprediction ratio,0.0040,0.0040,,,
Instructions per branch,14.9407,14.9407,,,
TABLE,Group 18 Metric STAT,BRANCH,8,,
Metric,Sum,Min,Max,Avg,
Runtime (RDTSC) [s] STAT,8.3964,4.1982,4.1982,4.1982,
Runtime unhalted [s] STAT,6.4483,3.2233,3.2250,3.2241,
Clock [MHz] STAT,3392.0624,1696.0301,1696.0323,1696.0312,
CPI STAT,1.1358,0.5679,0.5679,0.5679,
Branch rate STAT,0.1338,0.0669,0.0669,0.0669,
Branch misprediction rate STAT,0.0006,0.0003,0.0003,0.0003,
Branch misprediction ratio STAT,0.0080,0.0040,0.0040,0.0040,
Instructions per branch STAT,29.8814,14.9407,14.9407,14.9407,
STRUCT,Info,3,,,
CPU name:,Intel(R) Core(TM) i7-8750H CPU @ 2.20GHz,,,,
CPU type:,Intel Coffeelake processor,,,,
CPU clock:,2.207976773 GHz,,,,
TABLE,Group 19 Raw,RECOVERY,5,,
Event,Counter,Core 0,Core 6,,
INSTR_RETIRED_ANY,FIXC0,12532652834,12539587047,,
CPU_CLK_UNHALTED_CORE,FIXC1,7117709923,7121649372,,
CPU_CLK_UNHALTED_REF,FIXC2,9266179096,9271319320,,
INT_MISC_RECOVERY_CYCLES,PMC0,20751914,20764084,,
INT_MISC_RECOVERY_COUNT,PMC1,3324167,3326135,,
TABLE,Group 19 Raw STAT,RECOVERY,5,,
Event,Counter,Sum,Min,Max,Avg
INSTR_RETIRED_ANY STAT,FIXC0,25072239881,12532652834,12539587047,1.253612e+10
CPU_CLK_UNHALTED_CORE STAT,FIXC1,14239359295,7117709923,7121649372,7.119680e+09
CPU_CLK_UNHALTED_REF STAT,FIXC2,18537498416,9266179096,9271319320,9268749208
INT_MISC_RECOVERY_CYCLES STAT,PMC0,41515998,20751914,20764084,20757999
INT_MISC_RECOVERY_COUNT STAT,PMC1,6650302,3324167,3326135,3325151
TABLE,Group 19 Metric,RECOVERY,5,,
Metric,Core 0,Core 6,,,
Runtime (RDTSC) [s],4.1988,4.1988,,,
Runtime unhalted [s],3.2236,3.2254,,,
Clock [MHz],1696.0322,1696.0301,,,
CPI,0.5679,0.5679,,,
Avg. recovery duration,6.2427,6.2427,,,
TABLE,Group 19 Metric STAT,RECOVERY,5,,
Metric,Sum,Min,Max,Avg,
Runtime (RDTSC) [s] STAT,8.3976,4.1988,4.1988,4.1988,
Runtime unhalted [s] STAT,6.4490,3.2236,3.2254,3.2245,
Clock [MHz] STAT,3392.0623,1696.0301,1696.0322,1696.0312,
CPI STAT,1.1358,0.5679,0.5679,0.5679,
Avg. recovery duration STAT,12.4854,6.2427,6.2427,6.2427,
STRUCT,Info,3,,,
CPU name:,Intel(R) Core(TM) i7-8750H CPU @ 2.20GHz,,,,
CPU type:,Intel Coffeelake processor,,,,
CPU clock:,2.207976773 GHz,,,,
TABLE,Group 20 Raw,DIVIDE,5,,
Event,Counter,Core 0,Core 6,,
INSTR_RETIRED_ANY,FIXC0,12532978311,12539731506,,
CPU_CLK_UNHALTED_CORE,FIXC1,7117891557,7121745890,,
CPU_CLK_UNHALTED_REF,FIXC2,9266416548,9271441772,,
ARITH_DIVIDER_COUNT,PMC0,0,0,,
ARITH_DIVIDER_ACTIVE,PMC1,0,0,,
TABLE,Group 20 Raw STAT,DIVIDE,5,,
Event,Counter,Sum,Min,Max,Avg
INSTR_RETIRED_ANY STAT,FIXC0,25072709817,12532978311,12539731506,1.253635e+10
CPU_CLK_UNHALTED_CORE STAT,FIXC1,14239637447,7117891557,7121745890,7.119819e+09
CPU_CLK_UNHALTED_REF STAT,FIXC2,18537858320,9266416548,9271441772,9268929160
ARITH_DIVIDER_COUNT STAT,PMC0,0,0,0,0
ARITH_DIVIDER_ACTIVE STAT,PMC1,0,0,0,0
TABLE,Group 20 Metric,DIVIDE,6,,
Metric,Core 0,Core 6,,,
Runtime (RDTSC) [s],4.1988,4.1988,,,
Runtime unhalted [s],3.2237,3.2255,,,
Clock [MHz],1696.0320,1696.0307,,,
CPI,0.5679,0.5679,,,
Number of divide ops,0,0,,,
Avg. divide unit usage duration,-,-,,,
TABLE,Group 20 Metric STAT,DIVIDE,6,,
Metric,Sum,Min,Max,Avg,
Runtime (RDTSC) [s] STAT,8.3976,4.1988,4.1988,4.1988,
Runtime unhalted [s] STAT,6.4492,3.2237,3.2255,3.2246,
Clock [MHz] STAT,3392.0627,1696.0307,1696.0320,1696.0313,
CPI STAT,1.1358,0.5679,0.5679,0.5679,
Number of divide ops STAT,0,0,0,0,
Avg. divide unit usage duration STAT,0,inf,0,0,
STRUCT,Info,3,,,
CPU name:,Intel(R) Core(TM) i7-8750H CPU @ 2.20GHz,,,,
CPU type:,Intel Coffeelake processor,,,,
CPU clock:,2.207976773 GHz,,,,
TABLE,Group 21 Raw,UOPS_EXEC,7,,
Event,Counter,Core 0,Core 6,,
INSTR_RETIRED_ANY,FIXC0,12535914472,12545197368,,
CPU_CLK_UNHALTED_CORE,FIXC1,7119330832,7124527716,,
CPU_CLK_UNHALTED_REF,FIXC2,9268291600,9275066020,,
UOPS_EXECUTED_USED_CYCLES,PMC0,6476069970,6482412989,,
UOPS_EXECUTED_STALL_CYCLES,PMC1,643260862,642114727,,
CPU_CLOCK_UNHALTED_TOTAL_CYCLES,PMC2,7119330832,7124527716,,
UOPS_EXECUTED_STALL_CYCLES,PMC3,537055702,537560196,,
TABLE,Group 21 Raw STAT,UOPS_EXEC,7,,
Event,Counter,Sum,Min,Max,Avg
INSTR_RETIRED_ANY STAT,FIXC0,25081111840,12535914472,12545197368,12540555920
CPU_CLK_UNHALTED_CORE STAT,FIXC1,14243858548,7119330832,7124527716,7121929274
CPU_CLK_UNHALTED_REF STAT,FIXC2,18543357620,9268291600,9275066020,9271678810
UOPS_EXECUTED_USED_CYCLES STAT,PMC0,12958482959,6476069970,6482412989,6.479241e+09
UOPS_EXECUTED_STALL_CYCLES STAT,PMC1,1285375589,642114727,643260862,6.426878e+08
CPU_CLOCK_UNHALTED_TOTAL_CYCLES STAT,PMC2,14243858548,7119330832,7124527716,7121929274
UOPS_EXECUTED_STALL_CYCLES STAT,PMC3,1074615898,537055702,537560196,537307949
TABLE,Group 21 Metric,UOPS_EXEC,7,,
Metric,Core 0,Core 6,,,
Runtime (RDTSC) [s],4.1988,4.1988,,,
Runtime unhalted [s],3.2244,3.2267,,,
Clock [MHz],1696.0318,1696.0302,,,
CPI,0.5679,0.5679,,,
Used cycles ratio [%],90.9646,90.9873,,,
Unused cycles ratio [%],9.0354,9.0127,,,
Avg stall duration [cycles],1.1978,1.1945,,,
TABLE,Group 21 Metric STAT,UOPS_EXEC,7,,
Metric,Sum,Min,Max,Avg,
Runtime (RDTSC) [s] STAT,8.3976,4.1988,4.1988,4.1988,
Runtime unhalted [s] STAT,6.4511,3.2244,3.2267,3.2256,
Clock [MHz] STAT,3392.0620,1696.0302,1696.0318,1696.0310,
CPI STAT,1.1358,0.5679,0.5679,0.5679,
Used cycles ratio [%] STAT,181.9519,90.9646,90.9873,90.9760,
Unused cycles ratio [%] STAT,18.0481,9.0127,9.0354,9.0240,
Avg stall duration [cycles] STAT,2.3923,1.1945,1.1978,1.1961,
STRUCT,Info,3,,,
CPU name:,Intel(R) Core(TM) i7-8750H CPU @ 2.20GHz,,,,
CPU type:,Intel Coffeelake processor,,,,
CPU clock:,2.207976773 GHz,,,,
TABLE,Group 22 Raw,L3CACHE,6,,
Event,Counter,Core 0,Core 6,,
INSTR_RETIRED_ANY,FIXC0,12530863596,12538739401,,
CPU_CLK_UNHALTED_CORE,FIXC1,7116597061,7121047546,,
CPU_CLK_UNHALTED_REF,FIXC2,9264730188,9270534284,,
MEM_LOAD_RETIRED_L3_HIT,PMC0,443,673,,
MEM_LOAD_RETIRED_L3_MISS,PMC1,519,597,,
UOPS_RETIRED_ALL,PMC2,15050533423,15060000365,,
TABLE,Group 22 Raw STAT,L3CACHE,6,,
Event,Counter,Sum,Min,Max,Avg
INSTR_RETIRED_ANY STAT,FIXC0,25069602997,12530863596,12538739401,1.253480e+10
CPU_CLK_UNHALTED_CORE STAT,FIXC1,14237644607,7116597061,7121047546,7.118822e+09
CPU_CLK_UNHALTED_REF STAT,FIXC2,18535264472,9264730188,9270534284,9267632236
MEM_LOAD_RETIRED_L3_HIT STAT,PMC0,1116,443,673,558
MEM_LOAD_RETIRED_L3_MISS STAT,PMC1,1116,519,597,558
UOPS_RETIRED_ALL STAT,PMC2,30110533788,15050533423,15060000365,15055266894
TABLE,Group 22 Metric,L3CACHE,7,,
Metric,Core 0,Core 6,,,
Runtime (RDTSC) [s],4.1977,4.1977,,,
Runtime unhalted [s],3.2231,3.2251,,,
Clock [MHz],1696.0322,1696.0304,,,
CPI,0.5679,0.5679,,,
L3 request rate,6.391800e-08,8.432935e-08,,,
L3 miss rate,3.448383e-08,3.964143e-08,,,
L3 miss ratio,0.5395,0.4701,,,
TABLE,Group 22 Metric STAT,L3CACHE,7,,
Metric,Sum,Min,Max,Avg,
Runtime (RDTSC) [s] STAT,8.3954,4.1977,4.1977,4.1977,
Runtime unhalted [s] STAT,6.4482,3.2231,3.2251,3.2241,
Clock [MHz] STAT,3392.0626,1696.0304,1696.0322,1696.0313,
CPI STAT,1.1358,0.5679,0.5679,0.5679,
L3 request rate STAT,1.482473e-07,6.391800e-08,8.432935e-08,7.412367e-08,
L3 miss rate STAT,7.412526e-08,3.448383e-08,3.964143e-08,3.706263e-08,
L3 miss ratio STAT,1.0096,0.4701,0.5395,0.5048,
STRUCT,Info,3,,,
CPU name:,Intel(R) Core(TM) i7-8750H CPU @ 2.20GHz,,,,
CPU type:,Intel Coffeelake processor,,,,
CPU clock:,2.207976773 GHz,,,,
TABLE,Group 23 Raw,FLOPS_SP,6,,
Event,Counter,Core 0,Core 6,,
INSTR_RETIRED_ANY,FIXC0,12533036157,12541050933,,
CPU_CLK_UNHALTED_CORE,FIXC1,7117810451,7122359681,,
CPU_CLK_UNHALTED_REF,FIXC2,9266310840,9272243552,,
FP_ARITH_INST_RETIRED_128B_PACKED_SINGLE,PMC0,0,0,,
FP_ARITH_INST_RETIRED_SCALAR_SINGLE,PMC1,6631235305,6635476055,,
FP_ARITH_INST_RETIRED_256B_PACKED_SINGLE,PMC2,0,0,,
TABLE,Group 23 Raw STAT,FLOPS_SP,6,,
Event,Counter,Sum,Min,Max,Avg
INSTR_RETIRED_ANY STAT,FIXC0,25074087090,12533036157,12541050933,12537043545
CPU_CLK_UNHALTED_CORE STAT,FIXC1,14240170132,7117810451,7122359681,7120085066
CPU_CLK_UNHALTED_REF STAT,FIXC2,18538554392,9266310840,9272243552,9269277196
FP_ARITH_INST_RETIRED_128B_PACKED_SINGLE STAT,PMC0,0,0,0,0
FP_ARITH_INST_RETIRED_SCALAR_SINGLE STAT,PMC1,13266711360,6631235305,6635476055,6633355680
FP_ARITH_INST_RETIRED_256B_PACKED_SINGLE STAT,PMC2,0,0,0,0
TABLE,Group 23 Metric,FLOPS_SP,9,,
Metric,Core 0,Core 6,,,
Runtime (RDTSC) [s],4.1984,4.1984,,,
Runtime unhalted [s],3.2237,3.2257,,,
Clock [MHz],1696.0320,1696.0302,,,
CPI,0.5679,0.5679,,,
SP MFLOP/s,1579.4828,1580.4929,,,
AVX SP MFLOP/s,0,0,,,
Packed MUOPS/s,0,0,,,
Scalar MUOPS/s,1579.4828,1580.4929,,,
Vectorization ratio,0,0,,,
TABLE,Group 23 Metric STAT,FLOPS_SP,9,,
Metric,Sum,Min,Max,Avg,
Runtime (RDTSC) [s] STAT,8.3968,4.1984,4.1984,4.1984,
Runtime unhalted [s] STAT,6.4494,3.2237,3.2257,3.2247,
Clock [MHz] STAT,3392.0622,1696.0302,1696.0320,1696.0311,
CPI STAT,1.1358,0.5679,0.5679,0.5679,
SP MFLOP/s STAT,3159.9757,1579.4828,1580.4929,1579.9878,
AVX SP MFLOP/s STAT,0,0,0,0,
Packed MUOPS/s STAT,0,0,0,0,
Scalar MUOPS/s STAT,3159.9757,1579.4828,1580.4929,1579.9878,
Vectorization ratio STAT,0,0,0,0,
STRUCT,Info,3,,,
CPU name:,Intel(R) Core(TM) i7-8750H CPU @ 2.20GHz,,,,
CPU type:,Intel Coffeelake processor,,,,
CPU clock:,2.207976773 GHz,,,,
TABLE,Group 24 Raw,FALSE_SHARE,5,,
Event,Counter,Core 0,Core 6,,
INSTR_RETIRED_ANY,FIXC0,12531340528,12538129285,,
CPU_CLK_UNHALTED_CORE,FIXC1,7117039353,7120859348,,
CPU_CLK_UNHALTED_REF,FIXC2,9265306660,9270288460,,
MEM_LOAD_L3_HIT_RETIRED_XSNP_HITM,PMC0,0,0,,
MEM_INST_RETIRED_ALL,PMC2,6690011251,6693635604,,
TABLE,Group 24 Raw STAT,FALSE_SHARE,5,,
Event,Counter,Sum,Min,Max,Avg
INSTR_RETIRED_ANY STAT,FIXC0,25069469813,12531340528,12538129285,1.253473e+10
CPU_CLK_UNHALTED_CORE STAT,FIXC1,14237898701,7117039353,7120859348,7.118949e+09
CPU_CLK_UNHALTED_REF STAT,FIXC2,18535595120,9265306660,9270288460,9267797560
MEM_LOAD_L3_HIT_RETIRED_XSNP_HITM STAT,PMC0,0,0,0,0
MEM_INST_RETIRED_ALL STAT,PMC2,13383646855,6690011251,6693635604,6.691823e+09
TABLE,Group 24 Metric,FALSE_SHARE,6,,
Metric,Core 0,Core 6,,,
Runtime (RDTSC) [s],4.1983,4.1983,,,
Runtime unhalted [s],3.2233,3.2251,,,
Clock [MHz],1696.0321,1696.0305,,,
CPI,0.5679,0.5679,,,
Local LLC false sharing [MByte],0,0,,,
Local LLC false sharing rate,0,0,,,
TABLE,Group 24 Metric STAT,FALSE_SHARE,6,,
Metric,Sum,Min,Max,Avg,
Runtime (RDTSC) [s] STAT,8.3966,4.1983,4.1983,4.1983,
Runtime unhalted [s] STAT,6.4484,3.2233,3.2251,3.2242,
Clock [MHz] STAT,3392.0626,1696.0305,1696.0321,1696.0313,
CPI STAT,1.1358,0.5679,0.5679,0.5679,
Local LLC false sharing [MByte] STAT,0,0,0,0,
Local LLC false sharing rate STAT,0,0,0,0,
STRUCT,Info,3,,,
CPU name:,Intel(R) Core(TM) i7-8750H CPU @ 2.20GHz,,,,
CPU type:,Intel Coffeelake processor,,,,
CPU clock:,2.207976773 GHz,,,,
TABLE,Group 25 Raw,TMA,7,,
Event,Counter,Core 0,Core 6,,
INSTR_RETIRED_ANY,FIXC0,12536221006,12545474366,,
CPU_CLK_UNHALTED_CORE,FIXC1,7119485144,7124632599,,
CPU_CLK_UNHALTED_REF,FIXC2,9268490228,9275201260,,
UOPS_ISSUED_ANY,PMC0,11759635229,11768150411,,
UOPS_RETIRED_RETIRE_SLOTS,PMC1,11710657148,11719308417,,
IDQ_UOPS_NOT_DELIVERED_CORE,PMC2,1962957868,1849563094,,
INT_MISC_RECOVERY_CYCLES,PMC3,20758436,20774077,,
TABLE,Group 25 Raw STAT,TMA,7,,
Event,Counter,Sum,Min,Max,Avg
INSTR_RETIRED_ANY STAT,FIXC0,25081695372,12536221006,12545474366,12540847686
CPU_CLK_UNHALTED_CORE STAT,FIXC1,14244117743,7119485144,7124632599,7.122059e+09
CPU_CLK_UNHALTED_REF STAT,FIXC2,18543691488,9268490228,9275201260,9271845744
UOPS_ISSUED_ANY STAT,PMC0,23527785640,11759635229,11768150411,11763892820
UOPS_RETIRED_RETIRE_SLOTS STAT,PMC1,23429965565,11710657148,11719308417,1.171498e+10
IDQ_UOPS_NOT_DELIVERED_CORE STAT,PMC2,3812520962,1849563094,1962957868,1906260481
INT_MISC_RECOVERY_CYCLES STAT,PMC3,41532513,20758436,20774077,2.076626e+07
TABLE,Group 25 Metric,TMA,13,,
Metric,Core 0,Core 6,,,
Runtime (RDTSC) [s],4.1989,4.1989,,,
Runtime unhalted [s],3.2244,3.2268,,,
Clock [MHz],1696.0322,1696.0304,,,
CPI,0.5679,0.5679,,,
IPC,1.7608,1.7609,,,
Total Slots,28477940576,28498530396,,,
Slots Retired,11710657148,11719308417,,,
Fetch Bubbles,1962957868,1849563094,,,
Recovery Bubbles,83033744,83096308,,,
Front End [%],6.8929,6.4900,,,
Speculation [%],0.4636,0.4630,,,
Retiring [%],41.1219,41.1225,,,
Back End [%],51.5217,51.9245,,,
TABLE,Group 25 Metric STAT,TMA,13,,
Metric,Sum,Min,Max,Avg,
Runtime (RDTSC) [s] STAT,8.3978,4.1989,4.1989,4.1989,
Runtime unhalted [s] STAT,6.4512,3.2244,3.2268,3.2256,
Clock [MHz] STAT,3392.0626,1696.0304,1696.0322,1696.0313,
CPI STAT,1.1358,0.5679,0.5679,0.5679,
IPC STAT,3.5217,1.7608,1.7609,1.7609,
Total Slots STAT,56976470972,28477940576,28498530396,28488235486,
Slots Retired STAT,23429965565,11710657148,11719308417,1.171498e+10,
Fetch Bubbles STAT,3812520962,1849563094,1962957868,1906260481,
Recovery Bubbles STAT,166130052,83033744,83096308,83065026,
Front End [%] STAT,13.3829,6.4900,6.8929,6.6914,
Speculation [%] STAT,0.9266,0.4630,0.4636,0.4633,
Retiring [%] STAT,82.2444,41.1219,41.1225,41.1222,
Back End [%] STAT,103.4462,51.5217,51.9245,51.7231,
STRUCT,Info,3,,,
CPU name:,Intel(R) Core(TM) i7-8750H CPU @ 2.20GHz,,,,
CPU type:,Intel Coffeelake processor,,,,
CPU clock:,2.207976773 GHz,,,,
TABLE,Group 26 Raw,UOPS_ISSUE,7,,
Event,Counter,Core 0,Core 6,,
INSTR_RETIRED_ANY,FIXC0,12532818394,12541833450,,
CPU_CLK_UNHALTED_CORE,FIXC1,7117501324,7122558856,,
CPU_CLK_UNHALTED_REF,FIXC2,9265909720,9272504832,,
UOPS_ISSUED_USED_CYCLES,PMC0,2939744956,2941900705,,
UOPS_ISSUED_STALL_CYCLES,PMC1,4177756368,4180658151,,
CPU_CLOCK_UNHALTED_TOTAL_CYCLES,PMC2,7117501324,7122558856,,
UOPS_ISSUED_STALL_CYCLES,PMC3,2635651372,2637356342,,
TABLE,Group 26 Raw STAT,UOPS_ISSUE,7,,
Event,Counter,Sum,Min,Max,Avg
INSTR_RETIRED_ANY STAT,FIXC0,25074651844,12532818394,12541833450,12537325922
CPU_CLK_UNHALTED_CORE STAT,FIXC1,14240060180,7117501324,7122558856,7120030090
CPU_CLK_UNHALTED_REF STAT,FIXC2,18538414552,9265909720,9272504832,9269207276
UOPS_ISSUED_USED_CYCLES STAT,PMC0,5881645661,2939744956,2941900705,2.940823e+09
UOPS_ISSUED_STALL_CYCLES STAT,PMC1,8358414519,4177756368,4180658151,4.179207e+09
CPU_CLOCK_UNHALTED_TOTAL_CYCLES STAT,PMC2,14240060180,7117501324,7122558856,7120030090
UOPS_ISSUED_STALL_CYCLES STAT,PMC3,5273007714,2635651372,2637356342,2636503857
TABLE,Group 26 Metric,UOPS_ISSUE,7,,
Metric,Core 0,Core 6,,,
Runtime (RDTSC) [s],4.1977,4.1977,,,
Runtime unhalted [s],3.2235,3.2258,,,
Clock [MHz],1696.0318,1696.0298,,,
CPI,0.5679,0.5679,,,
Used cycles ratio [%],41.3030,41.3040,,,
Unused cycles ratio [%],58.6970,58.6960,,,
Avg stall duration [cycles],1.5851,1.5852,,,
TABLE,Group 26 Metric STAT,UOPS_ISSUE,7,,
Metric,Sum,Min,Max,Avg,
Runtime (RDTSC) [s] STAT,8.3954,4.1977,4.1977,4.1977,
Runtime unhalted [s] STAT,6.4493,3.2235,3.2258,3.2247,
Clock [MHz] STAT,3392.0616,1696.0298,1696.0318,1696.0308,
CPI STAT,1.1358,0.5679,0.5679,0.5679,
Used cycles ratio [%] STAT,82.6070,41.3030,41.3040,41.3035,
Unused cycles ratio [%] STAT,117.3930,58.6960,58.6970,58.6965,
Avg stall duration [cycles] STAT,3.1703,1.5851,1.5852,1.5852,
STRUCT,Info,3,,,
CPU name:,Intel(R) Core(TM) i7-8750H CPU @ 2.20GHz,,,,
CPU type:,Intel Coffeelake processor,,,,
CPU clock:,2.207976773 GHz,,,,
TABLE,Group 27 Raw,CYCLE_STALLS,7,,
Event,Counter,Core 0,Core 6,,
INSTR_RETIRED_ANY,FIXC0,12533109707,12542240442,,
CPU_CLK_UNHALTED_CORE,FIXC1,7117719343,7122837222,,
CPU_CLK_UNHALTED_REF,FIXC2,9266190964,9272864920,,
CYCLE_ACTIVITY_STALLS_L2_PENDING,PMC0,65793,86993,,
CYCLE_ACTIVITY_STALLS_LDM_PENDING,PMC1,630522628,629436863,,
CYCLE_ACTIVITY_STALLS_L1D_PENDING,PMC2,98114,115489,,
CYCLE_ACTIVITY_STALLS_TOTAL,PMC3,642961022,641864429,,
TABLE,Group 27 Raw STAT,CYCLE_STALLS,7,,
Event,Counter,Sum,Min,Max,Avg
INSTR_RETIRED_ANY STAT,FIXC0,25075350149,12533109707,12542240442,1.253768e+10
CPU_CLK_UNHALTED_CORE STAT,FIXC1,14240556565,7117719343,7122837222,7.120278e+09
CPU_CLK_UNHALTED_REF STAT,FIXC2,18539055884,9266190964,9272864920,9269527942
CYCLE_ACTIVITY_STALLS_L2_PENDING STAT,PMC0,152786,65793,86993,76393
CYCLE_ACTIVITY_STALLS_LDM_PENDING STAT,PMC1,1259959491,629436863,630522628,6.299797e+08
CYCLE_ACTIVITY_STALLS_L1D_PENDING STAT,PMC2,213603,98114,115489,106801.5000
CYCLE_ACTIVITY_STALLS_TOTAL STAT,PMC3,1284825451,641864429,642961022,6.424127e+08
TABLE,Group 27 Metric,CYCLE_STALLS,12,,
Metric,Core 0,Core 6,,,
Runtime (RDTSC) [s],4.1978,4.1978,,,
Runtime unhalted [s],3.2236,3.2260,,,
Clock [MHz],1696.0323,1696.0302,,,
CPI,0.5679,0.5679,,,
Total execution stalls,642961022,641864429,,,
Stalls caused by L1D misses [%],0.0153,0.0180,,,
Stalls caused by L2 misses [%],0.0102,0.0136,,,
Stalls caused by memory loads [%],98.0655,98.0638,,,
Execution stall rate [%],9.0332,9.0114,,,
Stalls caused by L1D misses rate [%],0.0014,0.0016,,,
Stalls caused by L2 misses rate [%],0.0009,0.0012,,,
Stalls caused by memory loads rate [%],8.8585,8.8369,,,
TABLE,Group 27 Metric STAT,CYCLE_STALLS,12,,
Metric,Sum,Min,Max,Avg,
Runtime (RDTSC) [s] STAT,8.3956,4.1978,4.1978,4.1978,
Runtime unhalted [s] STAT,6.4496,3.2236,3.2260,3.2248,
Clock [MHz] STAT,3392.0625,1696.0302,1696.0323,1696.0312,
CPI STAT,1.1358,0.5679,0.5679,0.5679,
Total execution stalls STAT,1284825451,641864429,642961022,6.424127e+08,
Stalls caused by L1D misses [%] STAT,0.0333,0.0153,0.0180,0.0166,
Stalls caused by L2 misses [%] STAT,0.0238,0.0102,0.0136,0.0119,
Stalls caused by memory loads [%] STAT,196.1293,98.0638,98.0655,98.0647,
Execution stall rate [%] STAT,18.0446,9.0114,9.0332,9.0223,
Stalls caused by L1D misses rate [%] STAT,0.0030,0.0014,0.0016,0.0015,
Stalls caused by L2 misses rate [%] STAT,0.0021,0.0009,0.0012,0.0010,
Stalls caused by memory loads rate [%] STAT,17.6954,8.8369,8.8585,8.8477,
